{
    "prediction_labels": {
        "human": {
            "count": 116,
            "rate": 0.6041666666666666
        },
        "AI": {
            "count": 76,
            "rate": 0.3958333333333333
        }
    },
    "threshold": 0.0910453096148558
}