{
    "prediction_labels": {
        "human": {
            "count": 233,
            "rate": 0.7871621621621622
        },
        "AI": {
            "count": 63,
            "rate": 0.21283783783783783
        }
    },
    "threshold": 0.0910453096148558
}