{
    "prediction_labels": {
        "human": {
            "count": 228,
            "rate": 0.7651006711409396
        },
        "AI": {
            "count": 70,
            "rate": 0.2348993288590604
        }
    },
    "threshold": 0.0910453096148558
}