{
    "prediction_labels": {
        "AI": {
            "count": 127,
            "rate": 0.47924528301886793
        },
        "human": {
            "count": 138,
            "rate": 0.5207547169811321
        }
    },
    "threshold": 0.0910453096148558
}