{
    "prediction_labels": {
        "AI": {
            "count": 86,
            "rate": 0.43434343434343436
        },
        "human": {
            "count": 112,
            "rate": 0.5656565656565656
        }
    },
    "threshold": 0.0910453096148558
}