{
    "prediction_labels": {
        "human": {
            "count": 207,
            "rate": 0.7340425531914894
        },
        "AI": {
            "count": 75,
            "rate": 0.26595744680851063
        }
    },
    "threshold": 0.0910453096148558
}