{
    "prediction_labels": {
        "AI": {
            "count": 74,
            "rate": 0.4180790960451977
        },
        "human": {
            "count": 103,
            "rate": 0.5819209039548022
        }
    },
    "threshold": 0.0910453096148558
}