{
    "prediction_labels": {
        "AI": {
            "count": 93,
            "rate": 0.34317343173431736
        },
        "human": {
            "count": 178,
            "rate": 0.6568265682656826
        }
    },
    "threshold": 0.0910453096148558
}