{
    "prediction_labels": {
        "human": {
            "count": 118,
            "rate": 0.6742857142857143
        },
        "AI": {
            "count": 57,
            "rate": 0.32571428571428573
        }
    },
    "threshold": 0.0910453096148558
}