{
    "prediction_labels": {
        "AI": {
            "count": 92,
            "rate": 0.3333333333333333
        },
        "human": {
            "count": 184,
            "rate": 0.6666666666666666
        }
    },
    "threshold": 0.0910453096148558
}