{
    "prediction_labels": {
        "AI": {
            "count": 78,
            "rate": 0.26262626262626265
        },
        "human": {
            "count": 219,
            "rate": 0.7373737373737373
        }
    },
    "threshold": 0.0910453096148558
}