{
    "prediction_labels": {
        "human": {
            "count": 197,
            "rate": 0.7350746268656716
        },
        "AI": {
            "count": 71,
            "rate": 0.26492537313432835
        }
    },
    "threshold": 0.0910453096148558
}