{
    "prediction_labels": {
        "human": {
            "count": 112,
            "rate": 0.6187845303867403
        },
        "AI": {
            "count": 69,
            "rate": 0.3812154696132597
        }
    },
    "threshold": 0.0910453096148558
}