{
    "prediction_labels": {
        "human": {
            "count": 118,
            "rate": 0.6051282051282051
        },
        "AI": {
            "count": 77,
            "rate": 0.39487179487179486
        }
    },
    "threshold": 0.0910453096148558
}