{
    "prediction_labels": {
        "human": {
            "count": 104,
            "rate": 0.5561497326203209
        },
        "AI": {
            "count": 83,
            "rate": 0.44385026737967914
        }
    },
    "threshold": 0.0910453096148558
}