{
    "prediction_labels": {
        "AI": {
            "count": 90,
            "rate": 0.3082191780821918
        },
        "human": {
            "count": 202,
            "rate": 0.6917808219178082
        }
    },
    "threshold": 0.0910453096148558
}