{
    "prediction_labels": {
        "human": {
            "count": 155,
            "rate": 0.6888888888888889
        },
        "AI": {
            "count": 70,
            "rate": 0.3111111111111111
        }
    },
    "threshold": 0.0910453096148558
}