{
    "prediction_labels": {
        "human": {
            "count": 225,
            "rate": 0.8152173913043478
        },
        "AI": {
            "count": 51,
            "rate": 0.18478260869565216
        }
    },
    "threshold": 0.0910453096148558
}