{
    "prediction_labels": {
        "AI": {
            "count": 67,
            "rate": 0.23843416370106763
        },
        "human": {
            "count": 214,
            "rate": 0.7615658362989324
        }
    },
    "threshold": 0.0910453096148558
}