{
    "prediction_labels": {
        "AI": {
            "count": 70,
            "rate": 0.23728813559322035
        },
        "human": {
            "count": 225,
            "rate": 0.7627118644067796
        }
    },
    "threshold": 0.0910453096148558
}