{
    "prediction_labels": {
        "human": {
            "count": 215,
            "rate": 0.7263513513513513
        },
        "AI": {
            "count": 81,
            "rate": 0.27364864864864863
        }
    },
    "threshold": 0.0910453096148558
}