{
    "prediction_labels": {
        "AI": {
            "count": 76,
            "rate": 0.40641711229946526
        },
        "human": {
            "count": 111,
            "rate": 0.5935828877005348
        }
    },
    "threshold": 0.0910453096148558
}