{
    "prediction_labels": {
        "human": {
            "count": 191,
            "rate": 0.6701754385964912
        },
        "AI": {
            "count": 94,
            "rate": 0.3298245614035088
        }
    },
    "threshold": 0.0910453096148558
}