{
    "prediction_labels": {
        "human": {
            "count": 230,
            "rate": 0.7849829351535836
        },
        "AI": {
            "count": 63,
            "rate": 0.2150170648464164
        }
    },
    "threshold": 0.0910453096148558
}