{
    "prediction_labels": {
        "human": {
            "count": 169,
            "rate": 0.678714859437751
        },
        "AI": {
            "count": 80,
            "rate": 0.321285140562249
        }
    },
    "threshold": 0.0910453096148558
}