{
    "prediction_labels": {
        "AI": {
            "count": 67,
            "rate": 0.22945205479452055
        },
        "human": {
            "count": 225,
            "rate": 0.7705479452054794
        }
    },
    "threshold": 0.0910453096148558
}