{
    "prediction_labels": {
        "AI": {
            "count": 75,
            "rate": 0.42857142857142855
        },
        "human": {
            "count": 100,
            "rate": 0.5714285714285714
        }
    },
    "threshold": 0.0910453096148558
}