{
    "prediction_labels": {
        "human": {
            "count": 101,
            "rate": 0.5872093023255814
        },
        "AI": {
            "count": 71,
            "rate": 0.4127906976744186
        }
    },
    "threshold": 0.0910453096148558
}