{
    "prediction_labels": {
        "AI": {
            "count": 68,
            "rate": 0.23943661971830985
        },
        "human": {
            "count": 216,
            "rate": 0.7605633802816901
        }
    },
    "threshold": 0.0910453096148558
}