{
    "prediction_labels": {
        "human": {
            "count": 210,
            "rate": 0.7342657342657343
        },
        "AI": {
            "count": 76,
            "rate": 0.26573426573426573
        }
    },
    "threshold": 0.0910453096148558
}