{
    "prediction_labels": {
        "human": {
            "count": 225,
            "rate": 0.7575757575757576
        },
        "AI": {
            "count": 72,
            "rate": 0.24242424242424243
        }
    },
    "threshold": 0.0910453096148558
}