{
    "prediction_labels": {
        "human": {
            "count": 227,
            "rate": 0.7773972602739726
        },
        "AI": {
            "count": 65,
            "rate": 0.2226027397260274
        }
    },
    "threshold": 0.0910453096148558
}