{
    "prediction_labels": {
        "human": {
            "count": 199,
            "rate": 0.7210144927536232
        },
        "AI": {
            "count": 77,
            "rate": 0.27898550724637683
        }
    },
    "threshold": 0.0910453096148558
}