{
    "prediction_labels": {
        "human": {
            "count": 215,
            "rate": 0.7337883959044369
        },
        "AI": {
            "count": 78,
            "rate": 0.26621160409556316
        }
    },
    "threshold": 0.0910453096148558
}