{
    "prediction_labels": {
        "AI": {
            "count": 58,
            "rate": 0.19463087248322147
        },
        "human": {
            "count": 240,
            "rate": 0.8053691275167785
        }
    },
    "threshold": 0.0910453096148558
}