{
    "prediction_labels": {
        "human": {
            "count": 149,
            "rate": 0.5340501792114696
        },
        "AI": {
            "count": 130,
            "rate": 0.4659498207885305
        }
    },
    "threshold": 0.0910453096148558
}