{
    "prediction_labels": {
        "AI": {
            "count": 59,
            "rate": 0.20205479452054795
        },
        "human": {
            "count": 233,
            "rate": 0.797945205479452
        }
    },
    "threshold": 0.0910453096148558
}