{
    "prediction_labels": {
        "human": {
            "count": 189,
            "rate": 0.7132075471698113
        },
        "AI": {
            "count": 76,
            "rate": 0.28679245283018867
        }
    },
    "threshold": 0.0910453096148558
}