{
    "prediction_labels": {
        "AI": {
            "count": 57,
            "rate": 0.19387755102040816
        },
        "human": {
            "count": 237,
            "rate": 0.8061224489795918
        }
    },
    "threshold": 0.0910453096148558
}