{
    "prediction_labels": {
        "AI": {
            "count": 55,
            "rate": 0.26066350710900477
        },
        "human": {
            "count": 156,
            "rate": 0.7393364928909952
        }
    },
    "threshold": 0.0910453096148558
}