{
    "prediction_labels": {
        "AI": {
            "count": 70,
            "rate": 0.23648648648648649
        },
        "human": {
            "count": 226,
            "rate": 0.7635135135135135
        }
    },
    "threshold": 0.0910453096148558
}