{
    "prediction_labels": {
        "AI": {
            "count": 94,
            "rate": 0.3381294964028777
        },
        "human": {
            "count": 184,
            "rate": 0.6618705035971223
        }
    },
    "threshold": 0.0910453096148558
}