{
    "prediction_labels": {
        "human": {
            "count": 231,
            "rate": 0.8133802816901409
        },
        "AI": {
            "count": 53,
            "rate": 0.18661971830985916
        }
    },
    "threshold": 0.0910453096148558
}