{
    "prediction_labels": {
        "AI": {
            "count": 69,
            "rate": 0.39204545454545453
        },
        "human": {
            "count": 107,
            "rate": 0.6079545454545454
        }
    },
    "threshold": 0.0910453096148558
}