{
    "prediction_labels": {
        "human": {
            "count": 207,
            "rate": 0.6946308724832215
        },
        "AI": {
            "count": 91,
            "rate": 0.3053691275167785
        }
    },
    "threshold": 0.3552002916582866
}