{
    "prediction_labels": {
        "human": {
            "count": 110,
            "rate": 0.6285714285714286
        },
        "AI": {
            "count": 65,
            "rate": 0.37142857142857144
        }
    },
    "threshold": 0.3552002916582866
}