{
    "prediction_labels": {
        "AI": {
            "count": 79,
            "rate": 0.3347457627118644
        },
        "human": {
            "count": 157,
            "rate": 0.6652542372881356
        }
    },
    "threshold": 0.3552002916582866
}