{
    "prediction_labels": {
        "AI": {
            "count": 84,
            "rate": 0.30996309963099633
        },
        "human": {
            "count": 187,
            "rate": 0.6900369003690037
        }
    },
    "threshold": 0.3552002916582866
}