{
    "prediction_labels": {
        "AI": {
            "count": 88,
            "rate": 0.3076923076923077
        },
        "human": {
            "count": 198,
            "rate": 0.6923076923076923
        }
    },
    "threshold": 0.3552002916582866
}