{
    "prediction_labels": {
        "AI": {
            "count": 77,
            "rate": 0.2730496453900709
        },
        "human": {
            "count": 205,
            "rate": 0.7269503546099291
        }
    },
    "threshold": 0.3552002916582866
}