{
    "prediction_labels": {
        "human": {
            "count": 187,
            "rate": 0.656140350877193
        },
        "AI": {
            "count": 98,
            "rate": 0.34385964912280703
        }
    },
    "threshold": 0.3552002916582866
}