{
    "prediction_labels": {
        "human": {
            "count": 103,
            "rate": 0.5282051282051282
        },
        "AI": {
            "count": 92,
            "rate": 0.4717948717948718
        }
    },
    "threshold": 0.3552002916582866
}