{
    "prediction_labels": {
        "AI": {
            "count": 119,
            "rate": 0.4234875444839858
        },
        "human": {
            "count": 162,
            "rate": 0.5765124555160143
        }
    },
    "threshold": 0.3552002916582866
}