{
    "prediction_labels": {
        "human": {
            "count": 92,
            "rate": 0.43601895734597157
        },
        "AI": {
            "count": 119,
            "rate": 0.5639810426540285
        }
    },
    "threshold": 0.3552002916582866
}