{
    "prediction_labels": {
        "AI": {
            "count": 105,
            "rate": 0.3804347826086957
        },
        "human": {
            "count": 171,
            "rate": 0.6195652173913043
        }
    },
    "threshold": 0.3552002916582866
}