{
    "prediction_labels": {
        "AI": {
            "count": 68,
            "rate": 0.3022222222222222
        },
        "human": {
            "count": 157,
            "rate": 0.6977777777777778
        }
    },
    "threshold": 0.3552002916582866
}