{
    "prediction_labels": {
        "human": {
            "count": 202,
            "rate": 0.7112676056338029
        },
        "AI": {
            "count": 82,
            "rate": 0.2887323943661972
        }
    },
    "threshold": 0.3552002916582866
}