{
    "prediction_labels": {
        "AI": {
            "count": 85,
            "rate": 0.2972027972027972
        },
        "human": {
            "count": 201,
            "rate": 0.7027972027972028
        }
    },
    "threshold": 0.3552002916582866
}