{
    "prediction_labels": {
        "AI": {
            "count": 112,
            "rate": 0.3835616438356164
        },
        "human": {
            "count": 180,
            "rate": 0.6164383561643836
        }
    },
    "threshold": 0.3552002916582866
}