{
    "prediction_labels": {
        "human": {
            "count": 200,
            "rate": 0.6779661016949152
        },
        "AI": {
            "count": 95,
            "rate": 0.3220338983050847
        }
    },
    "threshold": 0.3552002916582866
}