{
    "prediction_labels": {
        "AI": {
            "count": 84,
            "rate": 0.2876712328767123
        },
        "human": {
            "count": 208,
            "rate": 0.7123287671232876
        }
    },
    "threshold": 0.3552002916582866
}