{
    "prediction_labels": {
        "human": {
            "count": 96,
            "rate": 0.5133689839572193
        },
        "AI": {
            "count": 91,
            "rate": 0.48663101604278075
        }
    },
    "threshold": 0.3552002916582866
}