{
    "prediction_labels": {
        "AI": {
            "count": 91,
            "rate": 0.30743243243243246
        },
        "human": {
            "count": 205,
            "rate": 0.6925675675675675
        }
    },
    "threshold": 0.3552002916582866
}