{
    "prediction_labels": {
        "human": {
            "count": 210,
            "rate": 0.7046979865771812
        },
        "AI": {
            "count": 88,
            "rate": 0.2953020134228188
        }
    },
    "threshold": 0.3552002916582866
}