{
    "prediction_labels": {
        "human": {
            "count": 111,
            "rate": 0.5935828877005348
        },
        "AI": {
            "count": 76,
            "rate": 0.40641711229946526
        }
    },
    "threshold": 0.3552002916582866
}