{
    "prediction_labels": {
        "human": {
            "count": 95,
            "rate": 0.536723163841808
        },
        "AI": {
            "count": 82,
            "rate": 0.4632768361581921
        }
    },
    "threshold": 0.3552002916582866
}