{
    "prediction_labels": {
        "human": {
            "count": 95,
            "rate": 0.5248618784530387
        },
        "AI": {
            "count": 86,
            "rate": 0.47513812154696133
        }
    },
    "threshold": 0.3552002916582866
}