{
    "prediction_labels": {
        "human": {
            "count": 177,
            "rate": 0.6040955631399317
        },
        "AI": {
            "count": 116,
            "rate": 0.39590443686006827
        }
    },
    "threshold": 0.3552002916582866
}