{
    "prediction_labels": {
        "AI": {
            "count": 68,
            "rate": 0.27309236947791166
        },
        "human": {
            "count": 181,
            "rate": 0.7269076305220884
        }
    },
    "threshold": 0.3552002916582866
}