{
    "prediction_labels": {
        "human": {
            "count": 175,
            "rate": 0.6161971830985915
        },
        "AI": {
            "count": 109,
            "rate": 0.38380281690140844
        }
    },
    "threshold": 0.3552002916582866
}