{
    "prediction_labels": {
        "AI": {
            "count": 72,
            "rate": 0.4186046511627907
        },
        "human": {
            "count": 100,
            "rate": 0.5813953488372093
        }
    },
    "threshold": 0.3552002916582866
}