{
    "prediction_labels": {
        "AI": {
            "count": 101,
            "rate": 0.33666666666666667
        },
        "human": {
            "count": 199,
            "rate": 0.6633333333333333
        }
    },
    "threshold": 0.3552002916582866
}