{
    "prediction_labels": {
        "AI": {
            "count": 115,
            "rate": 0.3885135135135135
        },
        "human": {
            "count": 181,
            "rate": 0.6114864864864865
        }
    },
    "threshold": 0.3552002916582866
}