{
    "prediction_labels": {
        "AI": {
            "count": 76,
            "rate": 0.2753623188405797
        },
        "human": {
            "count": 200,
            "rate": 0.7246376811594203
        }
    },
    "threshold": 0.3552002916582866
}