{
    "prediction_labels": {
        "AI": {
            "count": 74,
            "rate": 0.4228571428571429
        },
        "human": {
            "count": 101,
            "rate": 0.5771428571428572
        }
    },
    "threshold": 0.3552002916582866
}