{
    "prediction_labels": {
        "AI": {
            "count": 96,
            "rate": 0.32323232323232326
        },
        "human": {
            "count": 201,
            "rate": 0.6767676767676768
        }
    },
    "threshold": 0.3552002916582866
}