{
    "prediction_labels": {
        "human": {
            "count": 218,
            "rate": 0.7414965986394558
        },
        "AI": {
            "count": 76,
            "rate": 0.2585034013605442
        }
    },
    "threshold": 0.3552002916582866
}