{
    "prediction_labels": {
        "human": {
            "count": 188,
            "rate": 0.7094339622641509
        },
        "AI": {
            "count": 77,
            "rate": 0.29056603773584905
        }
    },
    "threshold": 0.3552002916582866
}