{
    "prediction_labels": {
        "AI": {
            "count": 106,
            "rate": 0.37992831541218636
        },
        "human": {
            "count": 173,
            "rate": 0.6200716845878136
        }
    },
    "threshold": 0.3552002916582866
}