{
    "prediction_labels": {
        "human": {
            "count": 172,
            "rate": 0.6231884057971014
        },
        "AI": {
            "count": 104,
            "rate": 0.37681159420289856
        }
    },
    "threshold": 0.3552002916582866
}