{
    "prediction_labels": {
        "human": {
            "count": 182,
            "rate": 0.621160409556314
        },
        "AI": {
            "count": 111,
            "rate": 0.378839590443686
        }
    },
    "threshold": 0.3552002916582866
}