{
    "prediction_labels": {
        "human": {
            "count": 185,
            "rate": 0.6654676258992805
        },
        "AI": {
            "count": 93,
            "rate": 0.3345323741007194
        }
    },
    "threshold": 0.3552002916582866
}