{
    "prediction_labels": {
        "AI": {
            "count": 87,
            "rate": 0.29692832764505117
        },
        "human": {
            "count": 206,
            "rate": 0.7030716723549488
        }
    },
    "threshold": 0.3552002916582866
}