{
    "prediction_labels": {
        "human": {
            "count": 195,
            "rate": 0.6678082191780822
        },
        "AI": {
            "count": 97,
            "rate": 0.3321917808219178
        }
    },
    "threshold": 0.3552002916582866
}