{
    "prediction_labels": {
        "human": {
            "count": 198,
            "rate": 0.6971830985915493
        },
        "AI": {
            "count": 86,
            "rate": 0.3028169014084507
        }
    },
    "threshold": 0.3552002916582866
}