{
    "prediction_labels": {
        "human": {
            "count": 196,
            "rate": 0.7313432835820896
        },
        "AI": {
            "count": 72,
            "rate": 0.26865671641791045
        }
    },
    "threshold": 0.3552002916582866
}