{
    "prediction_labels": {
        "AI": {
            "count": 117,
            "rate": 0.44150943396226416
        },
        "human": {
            "count": 148,
            "rate": 0.5584905660377358
        }
    },
    "threshold": 0.3552002916582866
}