{
    "prediction_labels": {
        "AI": {
            "count": 47,
            "rate": 0.17343173431734318
        },
        "human": {
            "count": 224,
            "rate": 0.8265682656826568
        }
    },
    "threshold": 0.7777777777777778
}