{
    "prediction_labels": {
        "AI": {
            "count": 72,
            "rate": 0.3850267379679144
        },
        "human": {
            "count": 115,
            "rate": 0.6149732620320856
        }
    },
    "threshold": 0.7777777777777778
}