{
    "prediction_labels": {
        "AI": {
            "count": 35,
            "rate": 0.15555555555555556
        },
        "human": {
            "count": 190,
            "rate": 0.8444444444444444
        }
    },
    "threshold": 0.7777777777777778
}