{
    "prediction_labels": {
        "AI": {
            "count": 46,
            "rate": 0.15699658703071673
        },
        "human": {
            "count": 247,
            "rate": 0.8430034129692833
        }
    },
    "threshold": 0.7777777777777778
}