{
    "prediction_labels": {
        "AI": {
            "count": 48,
            "rate": 0.17266187050359713
        },
        "human": {
            "count": 230,
            "rate": 0.8273381294964028
        }
    },
    "threshold": 0.7777777777777778
}