{
    "prediction_labels": {
        "AI": {
            "count": 84,
            "rate": 0.4745762711864407
        },
        "human": {
            "count": 93,
            "rate": 0.5254237288135594
        }
    },
    "threshold": 0.7777777777777778
}