{
    "prediction_labels": {
        "human": {
            "count": 269,
            "rate": 0.9026845637583892
        },
        "AI": {
            "count": 29,
            "rate": 0.09731543624161074
        }
    },
    "threshold": 0.7777777777777778
}