{
    "prediction_labels": {
        "AI": {
            "count": 68,
            "rate": 0.36363636363636365
        },
        "human": {
            "count": 119,
            "rate": 0.6363636363636364
        }
    },
    "threshold": 0.7777777777777778
}