{
    "prediction_labels": {
        "human": {
            "count": 262,
            "rate": 0.8791946308724832
        },
        "AI": {
            "count": 36,
            "rate": 0.12080536912751678
        }
    },
    "threshold": 0.7777777777777778
}