{
    "prediction_labels": {
        "AI": {
            "count": 59,
            "rate": 0.3430232558139535
        },
        "human": {
            "count": 113,
            "rate": 0.6569767441860465
        }
    },
    "threshold": 0.7777777777777778
}