{
    "prediction_labels": {
        "human": {
            "count": 115,
            "rate": 0.6534090909090909
        },
        "AI": {
            "count": 61,
            "rate": 0.3465909090909091
        }
    },
    "threshold": 0.7777777777777778
}