{
    "prediction_labels": {
        "human": {
            "count": 228,
            "rate": 0.8028169014084507
        },
        "AI": {
            "count": 56,
            "rate": 0.19718309859154928
        }
    },
    "threshold": 0.7777777777777778
}