{
    "prediction_labels": {
        "AI": {
            "count": 22,
            "rate": 0.07534246575342465
        },
        "human": {
            "count": 270,
            "rate": 0.9246575342465754
        }
    },
    "threshold": 0.7777777777777778
}