{
    "prediction_labels": {
        "human": {
            "count": 257,
            "rate": 0.9049295774647887
        },
        "AI": {
            "count": 27,
            "rate": 0.09507042253521127
        }
    },
    "threshold": 0.7777777777777778
}