{
    "prediction_labels": {
        "AI": {
            "count": 76,
            "rate": 0.3838383838383838
        },
        "human": {
            "count": 122,
            "rate": 0.6161616161616161
        }
    },
    "threshold": 0.7777777777777778
}