{
    "prediction_labels": {
        "human": {
            "count": 264,
            "rate": 0.9041095890410958
        },
        "AI": {
            "count": 28,
            "rate": 0.0958904109589041
        }
    },
    "threshold": 0.7777777777777778
}