{
    "prediction_labels": {
        "human": {
            "count": 100,
            "rate": 0.47393364928909953
        },
        "AI": {
            "count": 111,
            "rate": 0.5260663507109005
        }
    },
    "threshold": 0.7777777777777778
}