{
    "prediction_labels": {
        "AI": {
            "count": 39,
            "rate": 0.14130434782608695
        },
        "human": {
            "count": 237,
            "rate": 0.8586956521739131
        }
    },
    "threshold": 0.7777777777777778
}