{
    "prediction_labels": {
        "human": {
            "count": 257,
            "rate": 0.8682432432432432
        },
        "AI": {
            "count": 39,
            "rate": 0.13175675675675674
        }
    },
    "threshold": 0.7777777777777778
}