{
    "prediction_labels": {
        "human": {
            "count": 125,
            "rate": 0.4716981132075472
        },
        "AI": {
            "count": 140,
            "rate": 0.5283018867924528
        }
    },
    "threshold": 0.7777777777777778
}