{
    "prediction_labels": {
        "AI": {
            "count": 28,
            "rate": 0.11244979919678715
        },
        "human": {
            "count": 221,
            "rate": 0.8875502008032129
        }
    },
    "threshold": 0.7777777777777778
}