{
    "prediction_labels": {
        "human": {
            "count": 241,
            "rate": 0.8426573426573427
        },
        "AI": {
            "count": 45,
            "rate": 0.15734265734265734
        }
    },
    "threshold": 0.7777777777777778
}