{
    "prediction_labels": {
        "human": {
            "count": 244,
            "rate": 0.8840579710144928
        },
        "AI": {
            "count": 32,
            "rate": 0.11594202898550725
        }
    },
    "threshold": 0.7777777777777778
}