{
    "prediction_labels": {
        "AI": {
            "count": 129,
            "rate": 0.46236559139784944
        },
        "human": {
            "count": 150,
            "rate": 0.5376344086021505
        }
    },
    "threshold": 0.7777777777777778
}