{
    "prediction_labels": {
        "human": {
            "count": 263,
            "rate": 0.8855218855218855
        },
        "AI": {
            "count": 34,
            "rate": 0.11447811447811448
        }
    },
    "threshold": 0.7777777777777778
}