{
    "prediction_labels": {
        "AI": {
            "count": 54,
            "rate": 0.30857142857142855
        },
        "human": {
            "count": 121,
            "rate": 0.6914285714285714
        }
    },
    "threshold": 0.7777777777777778
}