{
    "prediction_labels": {
        "AI": {
            "count": 44,
            "rate": 0.14864864864864866
        },
        "human": {
            "count": 252,
            "rate": 0.8513513513513513
        }
    },
    "threshold": 0.7777777777777778
}