{
    "prediction_labels": {
        "human": {
            "count": 261,
            "rate": 0.925531914893617
        },
        "AI": {
            "count": 21,
            "rate": 0.07446808510638298
        }
    },
    "threshold": 0.7777777777777778
}