{
    "prediction_labels": {
        "human": {
            "count": 240,
            "rate": 0.8191126279863481
        },
        "AI": {
            "count": 53,
            "rate": 0.18088737201365188
        }
    },
    "threshold": 0.7777777777777778
}