{
    "prediction_labels": {
        "AI": {
            "count": 27,
            "rate": 0.09215017064846416
        },
        "human": {
            "count": 266,
            "rate": 0.9078498293515358
        }
    },
    "threshold": 0.7777777777777778
}