{
    "prediction_labels": {
        "human": {
            "count": 210,
            "rate": 0.7473309608540926
        },
        "AI": {
            "count": 71,
            "rate": 0.2526690391459075
        }
    },
    "threshold": 0.7777777777777778
}