{
    "prediction_labels": {
        "AI": {
            "count": 45,
            "rate": 0.1541095890410959
        },
        "human": {
            "count": 247,
            "rate": 0.8458904109589042
        }
    },
    "threshold": 0.7777777777777778
}