{
    "prediction_labels": {
        "human": {
            "count": 268,
            "rate": 0.8993288590604027
        },
        "AI": {
            "count": 30,
            "rate": 0.10067114093959731
        }
    },
    "threshold": 0.7777777777777778
}