{
    "prediction_labels": {
        "human": {
            "count": 239,
            "rate": 0.9018867924528302
        },
        "AI": {
            "count": 26,
            "rate": 0.09811320754716982
        }
    },
    "threshold": 0.7777777777777778
}