{
    "prediction_labels": {
        "human": {
            "count": 259,
            "rate": 0.9119718309859155
        },
        "AI": {
            "count": 25,
            "rate": 0.0880281690140845
        }
    },
    "threshold": 0.7777777777777778
}