{
    "prediction_labels": {
        "AI": {
            "count": 41,
            "rate": 0.17372881355932204
        },
        "human": {
            "count": 195,
            "rate": 0.826271186440678
        }
    },
    "threshold": 0.7777777777777778
}