{
    "prediction_labels": {
        "AI": {
            "count": 30,
            "rate": 0.10204081632653061
        },
        "human": {
            "count": 264,
            "rate": 0.8979591836734694
        }
    },
    "threshold": 0.7777777777777778
}