{
    "prediction_labels": {
        "AI": {
            "count": 75,
            "rate": 0.2631578947368421
        },
        "human": {
            "count": 210,
            "rate": 0.7368421052631579
        }
    },
    "threshold": 0.7777777777777778
}