{
    "prediction_labels": {
        "AI": {
            "count": 24,
            "rate": 0.08391608391608392
        },
        "human": {
            "count": 262,
            "rate": 0.916083916083916
        }
    },
    "threshold": 0.7777777777777778
}