{
    "prediction_labels": {
        "AI": {
            "count": 44,
            "rate": 0.14915254237288136
        },
        "human": {
            "count": 251,
            "rate": 0.8508474576271187
        }
    },
    "threshold": 0.7777777777777778
}