{
    "prediction_labels": {
        "human": {
            "count": 109,
            "rate": 0.6022099447513812
        },
        "AI": {
            "count": 72,
            "rate": 0.39779005524861877
        }
    },
    "threshold": 0.7777777777777778
}