{
    "prediction_labels": {
        "human": {
            "count": 254,
            "rate": 0.8552188552188552
        },
        "AI": {
            "count": 43,
            "rate": 0.1447811447811448
        }
    },
    "threshold": 0.7777777777777778
}