{
    "prediction_labels": {
        "human": {
            "count": 263,
            "rate": 0.8885135135135135
        },
        "AI": {
            "count": 33,
            "rate": 0.11148648648648649
        }
    },
    "threshold": 0.7777777777777778
}