{
    "prediction_labels": {
        "human": {
            "count": 249,
            "rate": 0.9291044776119403
        },
        "AI": {
            "count": 19,
            "rate": 0.0708955223880597
        }
    },
    "threshold": 0.7777777777777778
}