{
    "prediction_labels": {
        "AI": {
            "count": 52,
            "rate": 0.1780821917808219
        },
        "human": {
            "count": 240,
            "rate": 0.821917808219178
        }
    },
    "threshold": 0.7777777777777778
}