{
    "prediction_labels": {
        "human": {
            "count": 254,
            "rate": 0.8581081081081081
        },
        "AI": {
            "count": 42,
            "rate": 0.14189189189189189
        }
    },
    "threshold": 0.7777777777777778
}