{
    "prediction_labels": {
        "AI": {
            "count": 1,
            "rate": 0.004016064257028112
        },
        "human": {
            "count": 248,
            "rate": 0.9959839357429718
        }
    },
    "threshold": -0.9797979797979798
}