{
    "prediction_labels": {
        "AI": {
            "count": 92,
            "rate": 0.3471698113207547
        },
        "human": {
            "count": 173,
            "rate": 0.6528301886792452
        }
    },
    "threshold": 0.33324670702374226
}