{
    "prediction_labels": {
        "AI": {
            "count": 52,
            "rate": 0.18840579710144928
        },
        "human": {
            "count": 224,
            "rate": 0.8115942028985508
        }
    },
    "threshold": 0.33324670702374226
}