{
    "prediction_labels": {
        "human": {
            "count": 165,
            "rate": 0.7333333333333333
        },
        "AI": {
            "count": 60,
            "rate": 0.26666666666666666
        }
    },
    "threshold": 0.33324670702374226
}