{
    "prediction_labels": {
        "human": {
            "count": 217,
            "rate": 0.7406143344709898
        },
        "AI": {
            "count": 76,
            "rate": 0.2593856655290102
        }
    },
    "threshold": 0.33324670702374226
}