{
    "prediction_labels": {
        "human": {
            "count": 137,
            "rate": 0.6492890995260664
        },
        "AI": {
            "count": 74,
            "rate": 0.35071090047393366
        }
    },
    "threshold": 0.33324670702374226
}