{
    "prediction_labels": {
        "AI": {
            "count": 59,
            "rate": 0.19865319865319866
        },
        "human": {
            "count": 238,
            "rate": 0.8013468013468014
        }
    },
    "threshold": 0.33324670702374226
}