{
    "prediction_labels": {
        "AI": {
            "count": 71,
            "rate": 0.23986486486486486
        },
        "human": {
            "count": 225,
            "rate": 0.7601351351351351
        }
    },
    "threshold": 0.33324670702374226
}