{
    "prediction_labels": {
        "human": {
            "count": 227,
            "rate": 0.7992957746478874
        },
        "AI": {
            "count": 57,
            "rate": 0.2007042253521127
        }
    },
    "threshold": 0.33324670702374226
}