{
    "prediction_labels": {
        "AI": {
            "count": 44,
            "rate": 0.1476510067114094
        },
        "human": {
            "count": 254,
            "rate": 0.8523489932885906
        }
    },
    "threshold": 0.33324670702374226
}