{
    "prediction_labels": {
        "AI": {
            "count": 67,
            "rate": 0.23426573426573427
        },
        "human": {
            "count": 219,
            "rate": 0.7657342657342657
        }
    },
    "threshold": 0.33324670702374226
}