{
    "prediction_labels": {
        "human": {
            "count": 222,
            "rate": 0.8283582089552238
        },
        "AI": {
            "count": 46,
            "rate": 0.17164179104477612
        }
    },
    "threshold": 0.33324670702374226
}