{
    "prediction_labels": {
        "AI": {
            "count": 47,
            "rate": 0.16040955631399317
        },
        "human": {
            "count": 246,
            "rate": 0.8395904436860068
        }
    },
    "threshold": 0.33324670702374226
}