{
    "prediction_labels": {
        "human": {
            "count": 108,
            "rate": 0.627906976744186
        },
        "AI": {
            "count": 64,
            "rate": 0.37209302325581395
        }
    },
    "threshold": 0.33324670702374226
}