{
    "prediction_labels": {
        "human": {
            "count": 214,
            "rate": 0.7328767123287672
        },
        "AI": {
            "count": 78,
            "rate": 0.2671232876712329
        }
    },
    "threshold": 0.33324670702374226
}