{
    "prediction_labels": {
        "AI": {
            "count": 74,
            "rate": 0.37948717948717947
        },
        "human": {
            "count": 121,
            "rate": 0.6205128205128205
        }
    },
    "threshold": 0.33324670702374226
}