{
    "prediction_labels": {
        "human": {
            "count": 122,
            "rate": 0.6971428571428572
        },
        "AI": {
            "count": 53,
            "rate": 0.3028571428571429
        }
    },
    "threshold": 0.33324670702374226
}