{
    "prediction_labels": {
        "AI": {
            "count": 58,
            "rate": 0.2457627118644068
        },
        "human": {
            "count": 178,
            "rate": 0.7542372881355932
        }
    },
    "threshold": 0.33324670702374226
}