{
    "prediction_labels": {
        "AI": {
            "count": 64,
            "rate": 0.21768707482993196
        },
        "human": {
            "count": 230,
            "rate": 0.782312925170068
        }
    },
    "threshold": 0.33324670702374226
}