{
    "prediction_labels": {
        "human": {
            "count": 185,
            "rate": 0.6630824372759857
        },
        "AI": {
            "count": 94,
            "rate": 0.33691756272401435
        }
    },
    "threshold": 0.33324670702374226
}