{
    "prediction_labels": {
        "AI": {
            "count": 46,
            "rate": 0.18473895582329317
        },
        "human": {
            "count": 203,
            "rate": 0.8152610441767069
        }
    },
    "threshold": 0.33324670702374226
}