{
    "prediction_labels": {
        "AI": {
            "count": 53,
            "rate": 0.17785234899328858
        },
        "human": {
            "count": 245,
            "rate": 0.8221476510067114
        }
    },
    "threshold": 0.33324670702374226
}