{
    "prediction_labels": {
        "AI": {
            "count": 83,
            "rate": 0.2912280701754386
        },
        "human": {
            "count": 202,
            "rate": 0.7087719298245614
        }
    },
    "threshold": 0.33324670702374226
}