{
    "prediction_labels": {
        "human": {
            "count": 230,
            "rate": 0.777027027027027
        },
        "AI": {
            "count": 66,
            "rate": 0.22297297297297297
        }
    },
    "threshold": 0.33324670702374226
}