{
    "prediction_labels": {
        "human": {
            "count": 211,
            "rate": 0.7429577464788732
        },
        "AI": {
            "count": 73,
            "rate": 0.25704225352112675
        }
    },
    "threshold": 0.33324670702374226
}