{
    "prediction_labels": {
        "AI": {
            "count": 78,
            "rate": 0.4406779661016949
        },
        "human": {
            "count": 99,
            "rate": 0.559322033898305
        }
    },
    "threshold": 0.33324670702374226
}