{
    "prediction_labels": {
        "AI": {
            "count": 71,
            "rate": 0.37967914438502676
        },
        "human": {
            "count": 116,
            "rate": 0.6203208556149733
        }
    },
    "threshold": 0.33324670702374226
}