{
    "prediction_labels": {
        "human": {
            "count": 113,
            "rate": 0.6243093922651933
        },
        "AI": {
            "count": 68,
            "rate": 0.3756906077348066
        }
    },
    "threshold": 0.33324670702374226
}