{
    "prediction_labels": {
        "AI": {
            "count": 51,
            "rate": 0.18085106382978725
        },
        "human": {
            "count": 231,
            "rate": 0.8191489361702128
        }
    },
    "threshold": 0.33324670702374226
}