{
    "prediction_labels": {
        "AI": {
            "count": 55,
            "rate": 0.1858108108108108
        },
        "human": {
            "count": 241,
            "rate": 0.8141891891891891
        }
    },
    "threshold": 0.33324670702374226
}