{
    "prediction_labels": {
        "human": {
            "count": 209,
            "rate": 0.7517985611510791
        },
        "AI": {
            "count": 69,
            "rate": 0.24820143884892087
        }
    },
    "threshold": 0.33324670702374226
}