{
    "prediction_labels": {
        "AI": {
            "count": 71,
            "rate": 0.2572463768115942
        },
        "human": {
            "count": 205,
            "rate": 0.7427536231884058
        }
    },
    "threshold": 0.33324670702374226
}