{
    "prediction_labels": {
        "AI": {
            "count": 77,
            "rate": 0.3888888888888889
        },
        "human": {
            "count": 121,
            "rate": 0.6111111111111112
        }
    },
    "threshold": 0.33324670702374226
}