{
    "prediction_labels": {
        "human": {
            "count": 179,
            "rate": 0.6370106761565836
        },
        "AI": {
            "count": 102,
            "rate": 0.36298932384341637
        }
    },
    "threshold": 0.33324670702374226
}