{
    "prediction_labels": {
        "human": {
            "count": 253,
            "rate": 0.8489932885906041
        },
        "AI": {
            "count": 45,
            "rate": 0.15100671140939598
        }
    },
    "threshold": 0.33324670702374226
}