{
    "prediction_labels": {
        "human": {
            "count": 239,
            "rate": 0.8356643356643356
        },
        "AI": {
            "count": 47,
            "rate": 0.16433566433566432
        }
    },
    "threshold": 0.33324670702374226
}