{
    "prediction_labels": {
        "AI": {
            "count": 75,
            "rate": 0.2767527675276753
        },
        "human": {
            "count": 196,
            "rate": 0.7232472324723247
        }
    },
    "threshold": 0.33324670702374226
}