{
    "prediction_labels": {
        "AI": {
            "count": 74,
            "rate": 0.2525597269624573
        },
        "human": {
            "count": 219,
            "rate": 0.7474402730375427
        }
    },
    "threshold": 0.33324670702374226
}