{
    "prediction_labels": {
        "AI": {
            "count": 67,
            "rate": 0.3806818181818182
        },
        "human": {
            "count": 109,
            "rate": 0.6193181818181818
        }
    },
    "threshold": 0.33324670702374226
}