{
    "prediction_labels": {
        "AI": {
            "count": 60,
            "rate": 0.20202020202020202
        },
        "human": {
            "count": 237,
            "rate": 0.797979797979798
        }
    },
    "threshold": 0.33324670702374226
}