{
    "prediction_labels": {
        "AI": {
            "count": 68,
            "rate": 0.2305084745762712
        },
        "human": {
            "count": 227,
            "rate": 0.7694915254237288
        }
    },
    "threshold": 0.33324670702374226
}