{
    "prediction_labels": {
        "AI": {
            "count": 202,
            "rate": 0.689419795221843
        },
        "human": {
            "count": 91,
            "rate": 0.310580204778157
        }
    },
    "threshold": 0.9798123196358447
}