{
    "prediction_labels": {
        "AI": {
            "count": 184,
            "rate": 0.6524822695035462
        },
        "human": {
            "count": 98,
            "rate": 0.3475177304964539
        }
    },
    "threshold": 0.9798123196358447
}