{
    "prediction_labels": {
        "human": {
            "count": 94,
            "rate": 0.3197278911564626
        },
        "AI": {
            "count": 200,
            "rate": 0.6802721088435374
        }
    },
    "threshold": 0.9798123196358447
}