{
    "prediction_labels": {
        "human": {
            "count": 102,
            "rate": 0.4533333333333333
        },
        "AI": {
            "count": 123,
            "rate": 0.5466666666666666
        }
    },
    "threshold": 0.9798123196358447
}