{
    "prediction_labels": {
        "AI": {
            "count": 160,
            "rate": 0.5755395683453237
        },
        "human": {
            "count": 118,
            "rate": 0.4244604316546763
        }
    },
    "threshold": 0.9798123196358447
}