{
    "prediction_labels": {
        "AI": {
            "count": 162,
            "rate": 0.6506024096385542
        },
        "human": {
            "count": 87,
            "rate": 0.3493975903614458
        }
    },
    "threshold": 0.9798123196358447
}