{
    "prediction_labels": {
        "AI": {
            "count": 198,
            "rate": 0.6923076923076923
        },
        "human": {
            "count": 88,
            "rate": 0.3076923076923077
        }
    },
    "threshold": 0.9798123196358447
}