{
    "prediction_labels": {
        "human": {
            "count": 86,
            "rate": 0.28859060402684567
        },
        "AI": {
            "count": 212,
            "rate": 0.7114093959731543
        }
    },
    "threshold": 0.9798123196358447
}