{
    "prediction_labels": {
        "AI": {
            "count": 195,
            "rate": 0.6543624161073825
        },
        "human": {
            "count": 103,
            "rate": 0.34563758389261745
        }
    },
    "threshold": 0.9798123196358447
}