{
    "prediction_labels": {
        "human": {
            "count": 67,
            "rate": 0.23591549295774647
        },
        "AI": {
            "count": 217,
            "rate": 0.7640845070422535
        }
    },
    "threshold": 0.9798123196358447
}