{
    "prediction_labels": {
        "human": {
            "count": 65,
            "rate": 0.37142857142857144
        },
        "AI": {
            "count": 110,
            "rate": 0.6285714285714286
        }
    },
    "threshold": 0.9798123196358447
}