{
    "prediction_labels": {
        "human": {
            "count": 75,
            "rate": 0.2533783783783784
        },
        "AI": {
            "count": 221,
            "rate": 0.7466216216216216
        }
    },
    "threshold": 0.9798123196358447
}