{
    "prediction_labels": {
        "AI": {
            "count": 218,
            "rate": 0.7465753424657534
        },
        "human": {
            "count": 74,
            "rate": 0.2534246575342466
        }
    },
    "threshold": 0.9798123196358447
}