{
    "prediction_labels": {
        "AI": {
            "count": 160,
            "rate": 0.8205128205128205
        },
        "human": {
            "count": 35,
            "rate": 0.1794871794871795
        }
    },
    "threshold": 0.9798123196358447
}