{
    "prediction_labels": {
        "human": {
            "count": 80,
            "rate": 0.2898550724637681
        },
        "AI": {
            "count": 196,
            "rate": 0.7101449275362319
        }
    },
    "threshold": 0.9798123196358447
}