{
    "prediction_labels": {
        "AI": {
            "count": 174,
            "rate": 0.6492537313432836
        },
        "human": {
            "count": 94,
            "rate": 0.35074626865671643
        }
    },
    "threshold": 0.9798123196358447
}