{
    "prediction_labels": {
        "AI": {
            "count": 143,
            "rate": 0.6059322033898306
        },
        "human": {
            "count": 93,
            "rate": 0.3940677966101695
        }
    },
    "threshold": 0.9798123196358447
}