{
    "prediction_labels": {
        "human": {
            "count": 98,
            "rate": 0.34507042253521125
        },
        "AI": {
            "count": 186,
            "rate": 0.6549295774647887
        }
    },
    "threshold": 0.9798123196358447
}