{
    "prediction_labels": {
        "AI": {
            "count": 212,
            "rate": 0.7235494880546075
        },
        "human": {
            "count": 81,
            "rate": 0.2764505119453925
        }
    },
    "threshold": 0.9798123196358447
}