{
    "prediction_labels": {
        "AI": {
            "count": 217,
            "rate": 0.7431506849315068
        },
        "human": {
            "count": 75,
            "rate": 0.2568493150684932
        }
    },
    "threshold": 0.9798123196358447
}