{
    "prediction_labels": {
        "AI": {
            "count": 130,
            "rate": 0.6565656565656566
        },
        "human": {
            "count": 68,
            "rate": 0.3434343434343434
        }
    },
    "threshold": 0.9798123196358447
}