{
    "prediction_labels": {
        "AI": {
            "count": 219,
            "rate": 0.7474402730375427
        },
        "human": {
            "count": 74,
            "rate": 0.2525597269624573
        }
    },
    "threshold": 0.9798123196358447
}