{
    "prediction_labels": {
        "AI": {
            "count": 206,
            "rate": 0.7330960854092526
        },
        "human": {
            "count": 75,
            "rate": 0.2669039145907473
        }
    },
    "threshold": 0.9798123196358447
}