{
    "prediction_labels": {
        "AI": {
            "count": 140,
            "rate": 0.6635071090047393
        },
        "human": {
            "count": 71,
            "rate": 0.33649289099526064
        }
    },
    "threshold": 0.9798123196358447
}