{
    "prediction_labels": {
        "AI": {
            "count": 209,
            "rate": 0.7037037037037037
        },
        "human": {
            "count": 88,
            "rate": 0.2962962962962963
        }
    },
    "threshold": 0.9798123196358447
}