{
    "prediction_labels": {
        "human": {
            "count": 52,
            "rate": 0.3023255813953488
        },
        "AI": {
            "count": 120,
            "rate": 0.6976744186046512
        }
    },
    "threshold": 0.9798123196358447
}