{
    "prediction_labels": {
        "human": {
            "count": 67,
            "rate": 0.23508771929824562
        },
        "AI": {
            "count": 218,
            "rate": 0.7649122807017544
        }
    },
    "threshold": 0.9798123196358447
}