{
    "prediction_labels": {
        "human": {
            "count": 109,
            "rate": 0.36577181208053694
        },
        "AI": {
            "count": 189,
            "rate": 0.6342281879194631
        }
    },
    "threshold": 0.9798123196358447
}