{
    "prediction_labels": {
        "human": {
            "count": 85,
            "rate": 0.28716216216216217
        },
        "AI": {
            "count": 211,
            "rate": 0.7128378378378378
        }
    },
    "threshold": 0.9798123196358447
}