{
    "prediction_labels": {
        "AI": {
            "count": 204,
            "rate": 0.7391304347826086
        },
        "human": {
            "count": 72,
            "rate": 0.2608695652173913
        }
    },
    "threshold": 0.9798123196358447
}