{
    "prediction_labels": {
        "AI": {
            "count": 221,
            "rate": 0.7491525423728813
        },
        "human": {
            "count": 74,
            "rate": 0.25084745762711863
        }
    },
    "threshold": 0.9798123196358447
}