{
    "prediction_labels": {
        "human": {
            "count": 75,
            "rate": 0.25252525252525254
        },
        "AI": {
            "count": 222,
            "rate": 0.7474747474747475
        }
    },
    "threshold": 0.9798123196358447
}