{
    "prediction_labels": {
        "AI": {
            "count": 211,
            "rate": 0.7962264150943397
        },
        "human": {
            "count": 54,
            "rate": 0.2037735849056604
        }
    },
    "threshold": 0.9798123196358447
}