{
    "prediction_labels": {
        "human": {
            "count": 41,
            "rate": 0.21354166666666666
        },
        "AI": {
            "count": 151,
            "rate": 0.7864583333333334
        }
    },
    "threshold": 0.9798123196358447
}