{
    "prediction_labels": {
        "AI": {
            "count": 148,
            "rate": 0.5461254612546126
        },
        "human": {
            "count": 123,
            "rate": 0.45387453874538747
        }
    },
    "threshold": 0.9798123196358447
}