{
    "prediction_labels": {
        "AI": {
            "count": 144,
            "rate": 0.7955801104972375
        },
        "human": {
            "count": 37,
            "rate": 0.20441988950276244
        }
    },
    "threshold": 0.9798123196358447
}