{
    "prediction_labels": {
        "AI": {
            "count": 201,
            "rate": 0.6883561643835616
        },
        "human": {
            "count": 91,
            "rate": 0.3116438356164384
        }
    },
    "threshold": 0.9798123196358447
}