{
    "prediction_labels": {
        "AI": {
            "count": 139,
            "rate": 0.7853107344632768
        },
        "human": {
            "count": 38,
            "rate": 0.21468926553672316
        }
    },
    "threshold": 0.9798123196358447
}