{
    "prediction_labels": {
        "human": {
            "count": 60,
            "rate": 0.32085561497326204
        },
        "AI": {
            "count": 127,
            "rate": 0.679144385026738
        }
    },
    "threshold": 0.9798123196358447
}