{
    "prediction_labels": {
        "AI": {
            "count": 146,
            "rate": 0.7807486631016043
        },
        "human": {
            "count": 41,
            "rate": 0.2192513368983957
        }
    },
    "threshold": 0.9798123196358447
}