{
    "prediction_labels": {
        "AI": {
            "count": 113,
            "rate": 0.6420454545454546
        },
        "human": {
            "count": 63,
            "rate": 0.35795454545454547
        }
    },
    "threshold": 0.9798123196358447
}