{
    "prediction_labels": {
        "AI": {
            "count": 189,
            "rate": 0.6608391608391608
        },
        "human": {
            "count": 97,
            "rate": 0.33916083916083917
        }
    },
    "threshold": 0.9798123196358447
}