{
    "prediction_labels": {
        "human": {
            "count": 57,
            "rate": 0.20430107526881722
        },
        "AI": {
            "count": 222,
            "rate": 0.7956989247311828
        }
    },
    "threshold": 0.9798123196358447
}