{
    "prediction_labels": {
        "human": {
            "count": 93,
            "rate": 0.3184931506849315
        },
        "AI": {
            "count": 199,
            "rate": 0.6815068493150684
        }
    },
    "threshold": 0.9798123196358447
}