{
    "prediction_labels": {
        "AI": {
            "count": 56,
            "rate": 0.19718309859154928
        },
        "human": {
            "count": 228,
            "rate": 0.8028169014084507
        }
    },
    "threshold": 0.25252525252525254
}