{
    "prediction_labels": {
        "AI": {
            "count": 58,
            "rate": 0.31016042780748665
        },
        "human": {
            "count": 129,
            "rate": 0.6898395721925134
        }
    },
    "threshold": 0.25252525252525254
}