{
    "prediction_labels": {
        "human": {
            "count": 119,
            "rate": 0.6918604651162791
        },
        "AI": {
            "count": 53,
            "rate": 0.3081395348837209
        }
    },
    "threshold": 0.25252525252525254
}