{
    "prediction_labels": {
        "human": {
            "count": 132,
            "rate": 0.7542857142857143
        },
        "AI": {
            "count": 43,
            "rate": 0.24571428571428572
        }
    },
    "threshold": 0.25252525252525254
}