{
    "prediction_labels": {
        "AI": {
            "count": 14,
            "rate": 0.04778156996587031
        },
        "human": {
            "count": 279,
            "rate": 0.9522184300341296
        }
    },
    "threshold": 0.25252525252525254
}