{
    "prediction_labels": {
        "AI": {
            "count": 96,
            "rate": 0.3380281690140845
        },
        "human": {
            "count": 188,
            "rate": 0.6619718309859155
        }
    },
    "threshold": 0.25252525252525254
}