{
    "prediction_labels": {
        "human": {
            "count": 242,
            "rate": 0.825938566552901
        },
        "AI": {
            "count": 51,
            "rate": 0.17406143344709898
        }
    },
    "threshold": 0.25252525252525254
}