{
    "prediction_labels": {
        "AI": {
            "count": 28,
            "rate": 0.0945945945945946
        },
        "human": {
            "count": 268,
            "rate": 0.9054054054054054
        }
    },
    "threshold": 0.25252525252525254
}