{
    "prediction_labels": {
        "AI": {
            "count": 36,
            "rate": 0.1232876712328767
        },
        "human": {
            "count": 256,
            "rate": 0.8767123287671232
        }
    },
    "threshold": 0.25252525252525254
}