{
    "prediction_labels": {
        "human": {
            "count": 289,
            "rate": 0.9697986577181208
        },
        "AI": {
            "count": 9,
            "rate": 0.030201342281879196
        }
    },
    "threshold": 0.25252525252525254
}