{
    "prediction_labels": {
        "human": {
            "count": 136,
            "rate": 0.7083333333333334
        },
        "AI": {
            "count": 56,
            "rate": 0.2916666666666667
        }
    },
    "threshold": 0.25252525252525254
}