{
    "prediction_labels": {
        "human": {
            "count": 249,
            "rate": 0.8527397260273972
        },
        "AI": {
            "count": 43,
            "rate": 0.14726027397260275
        }
    },
    "threshold": 0.25252525252525254
}