{
    "prediction_labels": {
        "human": {
            "count": 235,
            "rate": 0.8047945205479452
        },
        "AI": {
            "count": 57,
            "rate": 0.1952054794520548
        }
    },
    "threshold": 0.25252525252525254
}