{
    "prediction_labels": {
        "AI": {
            "count": 81,
            "rate": 0.29347826086956524
        },
        "human": {
            "count": 195,
            "rate": 0.7065217391304348
        }
    },
    "threshold": 0.25252525252525254
}