{
    "prediction_labels": {
        "human": {
            "count": 132,
            "rate": 0.676923076923077
        },
        "AI": {
            "count": 63,
            "rate": 0.3230769230769231
        }
    },
    "threshold": 0.25252525252525254
}