{
    "prediction_labels": {
        "AI": {
            "count": 17,
            "rate": 0.05723905723905724
        },
        "human": {
            "count": 280,
            "rate": 0.9427609427609428
        }
    },
    "threshold": 0.25252525252525254
}