{
    "prediction_labels": {
        "human": {
            "count": 220,
            "rate": 0.7719298245614035
        },
        "AI": {
            "count": 65,
            "rate": 0.22807017543859648
        }
    },
    "threshold": 0.25252525252525254
}