{
    "prediction_labels": {
        "human": {
            "count": 124,
            "rate": 0.6631016042780749
        },
        "AI": {
            "count": 63,
            "rate": 0.33689839572192515
        }
    },
    "threshold": 0.25252525252525254
}