{
    "prediction_labels": {
        "human": {
            "count": 135,
            "rate": 0.5094339622641509
        },
        "AI": {
            "count": 130,
            "rate": 0.49056603773584906
        }
    },
    "threshold": 0.25252525252525254
}