{
    "prediction_labels": {
        "AI": {
            "count": 107,
            "rate": 0.3807829181494662
        },
        "human": {
            "count": 174,
            "rate": 0.6192170818505338
        }
    },
    "threshold": 0.25252525252525254
}