{
    "prediction_labels": {
        "AI": {
            "count": 18,
            "rate": 0.06338028169014084
        },
        "human": {
            "count": 266,
            "rate": 0.9366197183098591
        }
    },
    "threshold": 0.25252525252525254
}