{
    "prediction_labels": {
        "AI": {
            "count": 42,
            "rate": 0.1510791366906475
        },
        "human": {
            "count": 236,
            "rate": 0.8489208633093526
        }
    },
    "threshold": 0.25252525252525254
}