{
    "prediction_labels": {
        "AI": {
            "count": 47,
            "rate": 0.16095890410958905
        },
        "human": {
            "count": 245,
            "rate": 0.839041095890411
        }
    },
    "threshold": 0.25252525252525254
}