{
    "prediction_labels": {
        "AI": {
            "count": 155,
            "rate": 0.7345971563981043
        },
        "human": {
            "count": 56,
            "rate": 0.26540284360189575
        }
    },
    "threshold": 0.25252525252525254
}