{
    "prediction_labels": {
        "human": {
            "count": 124,
            "rate": 0.6850828729281768
        },
        "AI": {
            "count": 57,
            "rate": 0.3149171270718232
        }
    },
    "threshold": 0.25252525252525254
}