{
    "prediction_labels": {
        "human": {
            "count": 222,
            "rate": 0.8191881918819188
        },
        "AI": {
            "count": 49,
            "rate": 0.18081180811808117
        }
    },
    "threshold": 0.25252525252525254
}