{
    "prediction_labels": {
        "human": {
            "count": 168,
            "rate": 0.6021505376344086
        },
        "AI": {
            "count": 111,
            "rate": 0.3978494623655914
        }
    },
    "threshold": 0.25252525252525254
}