{
    "prediction_labels": {
        "human": {
            "count": 162,
            "rate": 0.5869565217391305
        },
        "AI": {
            "count": 114,
            "rate": 0.41304347826086957
        }
    },
    "threshold": 0.25252525252525254
}