{
    "prediction_labels": {
        "human": {
            "count": 285,
            "rate": 0.9563758389261745
        },
        "AI": {
            "count": 13,
            "rate": 0.0436241610738255
        }
    },
    "threshold": 0.25252525252525254
}