{
    "prediction_labels": {
        "AI": {
            "count": 25,
            "rate": 0.0847457627118644
        },
        "human": {
            "count": 270,
            "rate": 0.9152542372881356
        }
    },
    "threshold": 0.25252525252525254
}