{
    "prediction_labels": {
        "AI": {
            "count": 20,
            "rate": 0.06756756756756757
        },
        "human": {
            "count": 276,
            "rate": 0.9324324324324325
        }
    },
    "threshold": 0.25252525252525254
}