{
    "prediction_labels": {
        "AI": {
            "count": 40,
            "rate": 0.13986013986013987
        },
        "human": {
            "count": 246,
            "rate": 0.8601398601398601
        }
    },
    "threshold": 0.25252525252525254
}