{
    "prediction_labels": {
        "AI": {
            "count": 62,
            "rate": 0.31313131313131315
        },
        "human": {
            "count": 136,
            "rate": 0.6868686868686869
        }
    },
    "threshold": 0.25252525252525254
}