{
    "prediction_labels": {
        "human": {
            "count": 107,
            "rate": 0.6045197740112994
        },
        "AI": {
            "count": 70,
            "rate": 0.3954802259887006
        }
    },
    "threshold": 0.25252525252525254
}