{
    "prediction_labels": {
        "human": {
            "count": 260,
            "rate": 0.8843537414965986
        },
        "AI": {
            "count": 34,
            "rate": 0.11564625850340136
        }
    },
    "threshold": 0.25252525252525254
}