{
    "prediction_labels": {
        "AI": {
            "count": 57,
            "rate": 0.32386363636363635
        },
        "human": {
            "count": 119,
            "rate": 0.6761363636363636
        }
    },
    "threshold": 0.25252525252525254
}