{
    "prediction_labels": {
        "AI": {
            "count": 33,
            "rate": 0.11262798634812286
        },
        "human": {
            "count": 260,
            "rate": 0.8873720136518771
        }
    },
    "threshold": 0.25252525252525254
}