{
    "prediction_labels": {
        "human": {
            "count": 262,
            "rate": 0.9290780141843972
        },
        "AI": {
            "count": 20,
            "rate": 0.07092198581560284
        }
    },
    "threshold": 0.25252525252525254
}