{
    "prediction_labels": {
        "AI": {
            "count": 86,
            "rate": 0.2895622895622896
        },
        "human": {
            "count": 211,
            "rate": 0.7104377104377104
        }
    },
    "threshold": 0.04082610609093352
}