{
    "prediction_labels": {
        "AI": {
            "count": 95,
            "rate": 0.3442028985507246
        },
        "human": {
            "count": 181,
            "rate": 0.6557971014492754
        }
    },
    "threshold": 0.04082610609093352
}