{
    "prediction_labels": {
        "AI": {
            "count": 120,
            "rate": 0.4195804195804196
        },
        "human": {
            "count": 166,
            "rate": 0.5804195804195804
        }
    },
    "threshold": 0.04082610609093352
}