{
    "prediction_labels": {
        "AI": {
            "count": 100,
            "rate": 0.35587188612099646
        },
        "human": {
            "count": 181,
            "rate": 0.6441281138790036
        }
    },
    "threshold": 0.04082610609093352
}