{
    "prediction_labels": {
        "human": {
            "count": 152,
            "rate": 0.5608856088560885
        },
        "AI": {
            "count": 119,
            "rate": 0.43911439114391143
        }
    },
    "threshold": 0.04082610609093352
}