{
    "prediction_labels": {
        "human": {
            "count": 148,
            "rate": 0.7014218009478673
        },
        "AI": {
            "count": 63,
            "rate": 0.2985781990521327
        }
    },
    "threshold": 0.04082610609093352
}