{
    "prediction_labels": {
        "AI": {
            "count": 90,
            "rate": 0.30405405405405406
        },
        "human": {
            "count": 206,
            "rate": 0.6959459459459459
        }
    },
    "threshold": 0.04082610609093352
}