{
    "prediction_labels": {
        "AI": {
            "count": 87,
            "rate": 0.48066298342541436
        },
        "human": {
            "count": 94,
            "rate": 0.5193370165745856
        }
    },
    "threshold": 0.04082610609093352
}