{
    "prediction_labels": {
        "AI": {
            "count": 91,
            "rate": 0.48663101604278075
        },
        "human": {
            "count": 96,
            "rate": 0.5133689839572193
        }
    },
    "threshold": 0.04082610609093352
}