{
    "prediction_labels": {
        "human": {
            "count": 120,
            "rate": 0.43010752688172044
        },
        "AI": {
            "count": 159,
            "rate": 0.5698924731182796
        }
    },
    "threshold": 0.04082610609093352
}