{
    "prediction_labels": {
        "human": {
            "count": 218,
            "rate": 0.7315436241610739
        },
        "AI": {
            "count": 80,
            "rate": 0.2684563758389262
        }
    },
    "threshold": 0.04082610609093352
}