{
    "prediction_labels": {
        "human": {
            "count": 209,
            "rate": 0.7133105802047781
        },
        "AI": {
            "count": 84,
            "rate": 0.28668941979522183
        }
    },
    "threshold": 0.04082610609093352
}