{
    "prediction_labels": {
        "AI": {
            "count": 72,
            "rate": 0.2608695652173913
        },
        "human": {
            "count": 204,
            "rate": 0.7391304347826086
        }
    },
    "threshold": 0.04082610609093352
}