{
    "prediction_labels": {
        "human": {
            "count": 179,
            "rate": 0.6754716981132075
        },
        "AI": {
            "count": 86,
            "rate": 0.32452830188679244
        }
    },
    "threshold": 0.04082610609093352
}