{
    "prediction_labels": {
        "human": {
            "count": 199,
            "rate": 0.6791808873720137
        },
        "AI": {
            "count": 94,
            "rate": 0.32081911262798635
        }
    },
    "threshold": 0.04082610609093352
}