{
    "prediction_labels": {
        "AI": {
            "count": 102,
            "rate": 0.40963855421686746
        },
        "human": {
            "count": 147,
            "rate": 0.5903614457831325
        }
    },
    "threshold": 0.04082610609093352
}