{
    "prediction_labels": {
        "AI": {
            "count": 97,
            "rate": 0.3415492957746479
        },
        "human": {
            "count": 187,
            "rate": 0.6584507042253521
        }
    },
    "threshold": 0.04082610609093352
}