{
    "prediction_labels": {
        "human": {
            "count": 85,
            "rate": 0.480225988700565
        },
        "AI": {
            "count": 92,
            "rate": 0.519774011299435
        }
    },
    "threshold": 0.04082610609093352
}