{
    "prediction_labels": {
        "human": {
            "count": 102,
            "rate": 0.5230769230769231
        },
        "AI": {
            "count": 93,
            "rate": 0.47692307692307695
        }
    },
    "threshold": 0.04082610609093352
}