{
    "prediction_labels": {
        "AI": {
            "count": 133,
            "rate": 0.4666666666666667
        },
        "human": {
            "count": 152,
            "rate": 0.5333333333333333
        }
    },
    "threshold": 0.04082610609093352
}