{
    "prediction_labels": {
        "human": {
            "count": 151,
            "rate": 0.5431654676258992
        },
        "AI": {
            "count": 127,
            "rate": 0.4568345323741007
        }
    },
    "threshold": 0.04082610609093352
}