{
    "prediction_labels": {
        "human": {
            "count": 128,
            "rate": 0.5688888888888889
        },
        "AI": {
            "count": 97,
            "rate": 0.4311111111111111
        }
    },
    "threshold": 0.04082610609093352
}