{
    "prediction_labels": {
        "AI": {
            "count": 77,
            "rate": 0.2619047619047619
        },
        "human": {
            "count": 217,
            "rate": 0.7380952380952381
        }
    },
    "threshold": 0.04082610609093352
}