{
    "prediction_labels": {
        "human": {
            "count": 79,
            "rate": 0.45930232558139533
        },
        "AI": {
            "count": 93,
            "rate": 0.5406976744186046
        }
    },
    "threshold": 0.04082610609093352
}