{
    "prediction_labels": {
        "human": {
            "count": 85,
            "rate": 0.48295454545454547
        },
        "AI": {
            "count": 91,
            "rate": 0.5170454545454546
        }
    },
    "threshold": 0.04082610609093352
}