{
    "prediction_labels": {
        "human": {
            "count": 227,
            "rate": 0.761744966442953
        },
        "AI": {
            "count": 71,
            "rate": 0.23825503355704697
        }
    },
    "threshold": 0.04082610609093352
}