{
    "prediction_labels": {
        "human": {
            "count": 193,
            "rate": 0.6795774647887324
        },
        "AI": {
            "count": 91,
            "rate": 0.3204225352112676
        }
    },
    "threshold": 0.04082610609093352
}