{
    "prediction_labels": {
        "AI": {
            "count": 84,
            "rate": 0.2828282828282828
        },
        "human": {
            "count": 213,
            "rate": 0.7171717171717171
        }
    },
    "threshold": 0.04082610609093352
}