{
    "prediction_labels": {
        "human": {
            "count": 189,
            "rate": 0.6702127659574468
        },
        "AI": {
            "count": 93,
            "rate": 0.32978723404255317
        }
    },
    "threshold": 0.04082610609093352
}