{
    "prediction_labels": {
        "AI": {
            "count": 88,
            "rate": 0.47058823529411764
        },
        "human": {
            "count": 99,
            "rate": 0.5294117647058824
        }
    },
    "threshold": 0.04082610609093352
}