{
    "prediction_labels": {
        "human": {
            "count": 200,
            "rate": 0.6825938566552902
        },
        "AI": {
            "count": 93,
            "rate": 0.3174061433447099
        }
    },
    "threshold": 0.04082610609093352
}