{
    "prediction_labels": {
        "human": {
            "count": 208,
            "rate": 0.7123287671232876
        },
        "AI": {
            "count": 84,
            "rate": 0.2876712328767123
        }
    },
    "threshold": 0.04082610609093352
}