{
    "prediction_labels": {
        "human": {
            "count": 206,
            "rate": 0.7054794520547946
        },
        "AI": {
            "count": 86,
            "rate": 0.2945205479452055
        }
    },
    "threshold": 0.04082610609093352
}