{
    "prediction_labels": {
        "human": {
            "count": 132,
            "rate": 0.559322033898305
        },
        "AI": {
            "count": 104,
            "rate": 0.4406779661016949
        }
    },
    "threshold": 0.04082610609093352
}