{
    "prediction_labels": {
        "AI": {
            "count": 79,
            "rate": 0.2762237762237762
        },
        "human": {
            "count": 207,
            "rate": 0.7237762237762237
        }
    },
    "threshold": 0.04082610609093352
}