{
    "prediction_labels": {
        "human": {
            "count": 159,
            "rate": 0.5760869565217391
        },
        "AI": {
            "count": 117,
            "rate": 0.42391304347826086
        }
    },
    "threshold": 0.04082610609093352
}