{
    "prediction_labels": {
        "AI": {
            "count": 126,
            "rate": 0.4315068493150685
        },
        "human": {
            "count": 166,
            "rate": 0.5684931506849316
        }
    },
    "threshold": 0.04082610609093352
}