{
    "prediction_labels": {
        "human": {
            "count": 209,
            "rate": 0.7084745762711865
        },
        "AI": {
            "count": 86,
            "rate": 0.29152542372881357
        }
    },
    "threshold": 0.04082610609093352
}