{
    "prediction_labels": {
        "human": {
            "count": 201,
            "rate": 0.6790540540540541
        },
        "AI": {
            "count": 95,
            "rate": 0.32094594594594594
        }
    },
    "threshold": 0.04082610609093352
}