{
    "prediction_labels": {
        "AI": {
            "count": 158,
            "rate": 0.5962264150943396
        },
        "human": {
            "count": 107,
            "rate": 0.4037735849056604
        }
    },
    "threshold": 0.04082610609093352
}