{
    "prediction_labels": {
        "human": {
            "count": 182,
            "rate": 0.6791044776119403
        },
        "AI": {
            "count": 86,
            "rate": 0.3208955223880597
        }
    },
    "threshold": 0.04082610609093352
}