{
    "prediction_labels": {
        "AI": {
            "count": 80,
            "rate": 0.28169014084507044
        },
        "human": {
            "count": 204,
            "rate": 0.7183098591549296
        }
    },
    "threshold": 0.04082610609093352
}