{
    "prediction_labels": {
        "AI": {
            "count": 105,
            "rate": 0.3523489932885906
        },
        "human": {
            "count": 193,
            "rate": 0.6476510067114094
        }
    },
    "threshold": 0.7038834088687461
}