{
    "prediction_labels": {
        "human": {
            "count": 177,
            "rate": 0.6604477611940298
        },
        "AI": {
            "count": 91,
            "rate": 0.33955223880597013
        }
    },
    "threshold": 0.7038834088687461
}