{
    "prediction_labels": {
        "AI": {
            "count": 147,
            "rate": 0.5157894736842106
        },
        "human": {
            "count": 138,
            "rate": 0.4842105263157895
        }
    },
    "threshold": 0.7038834088687461
}