{
    "prediction_labels": {
        "human": {
            "count": 176,
            "rate": 0.6153846153846154
        },
        "AI": {
            "count": 110,
            "rate": 0.38461538461538464
        }
    },
    "threshold": 0.7038834088687461
}