{
    "prediction_labels": {
        "AI": {
            "count": 80,
            "rate": 0.2684563758389262
        },
        "human": {
            "count": 218,
            "rate": 0.7315436241610739
        }
    },
    "threshold": 0.7038834088687461
}