{
    "prediction_labels": {
        "human": {
            "count": 155,
            "rate": 0.5516014234875445
        },
        "AI": {
            "count": 126,
            "rate": 0.4483985765124555
        }
    },
    "threshold": 0.7038834088687461
}