{
    "prediction_labels": {
        "human": {
            "count": 93,
            "rate": 0.49732620320855614
        },
        "AI": {
            "count": 94,
            "rate": 0.5026737967914439
        }
    },
    "threshold": 0.7038834088687461
}