{
    "prediction_labels": {
        "human": {
            "count": 169,
            "rate": 0.5767918088737202
        },
        "AI": {
            "count": 124,
            "rate": 0.4232081911262799
        }
    },
    "threshold": 0.7038834088687461
}