{
    "prediction_labels": {
        "AI": {
            "count": 102,
            "rate": 0.4322033898305085
        },
        "human": {
            "count": 134,
            "rate": 0.5677966101694916
        }
    },
    "threshold": 0.7038834088687461
}