{
    "prediction_labels": {
        "AI": {
            "count": 110,
            "rate": 0.3767123287671233
        },
        "human": {
            "count": 182,
            "rate": 0.6232876712328768
        }
    },
    "threshold": 0.7038834088687461
}