{
    "prediction_labels": {
        "human": {
            "count": 179,
            "rate": 0.6485507246376812
        },
        "AI": {
            "count": 97,
            "rate": 0.35144927536231885
        }
    },
    "threshold": 0.7038834088687461
}