{
    "prediction_labels": {
        "human": {
            "count": 110,
            "rate": 0.3942652329749104
        },
        "AI": {
            "count": 169,
            "rate": 0.6057347670250897
        }
    },
    "threshold": 0.7038834088687461
}