{
    "prediction_labels": {
        "AI": {
            "count": 88,
            "rate": 0.3534136546184739
        },
        "human": {
            "count": 161,
            "rate": 0.6465863453815262
        }
    },
    "threshold": 0.7038834088687461
}