{
    "prediction_labels": {
        "AI": {
            "count": 86,
            "rate": 0.38222222222222224
        },
        "human": {
            "count": 139,
            "rate": 0.6177777777777778
        }
    },
    "threshold": 0.7038834088687461
}