{
    "prediction_labels": {
        "AI": {
            "count": 78,
            "rate": 0.44571428571428573
        },
        "human": {
            "count": 97,
            "rate": 0.5542857142857143
        }
    },
    "threshold": 0.7038834088687461
}