{
    "prediction_labels": {
        "AI": {
            "count": 99,
            "rate": 0.5294117647058824
        },
        "human": {
            "count": 88,
            "rate": 0.47058823529411764
        }
    },
    "threshold": 0.7038834088687461
}