{
    "prediction_labels": {
        "human": {
            "count": 97,
            "rate": 0.4898989898989899
        },
        "AI": {
            "count": 101,
            "rate": 0.51010101010101
        }
    },
    "threshold": 0.7038834088687461
}