{
    "prediction_labels": {
        "AI": {
            "count": 95,
            "rate": 0.3253424657534247
        },
        "human": {
            "count": 197,
            "rate": 0.6746575342465754
        }
    },
    "threshold": 0.7038834088687461
}