{
    "prediction_labels": {
        "AI": {
            "count": 117,
            "rate": 0.3993174061433447
        },
        "human": {
            "count": 176,
            "rate": 0.6006825938566553
        }
    },
    "threshold": 0.7038834088687461
}