{
    "prediction_labels": {
        "human": {
            "count": 169,
            "rate": 0.6123188405797102
        },
        "AI": {
            "count": 107,
            "rate": 0.38768115942028986
        }
    },
    "threshold": 0.7038834088687461
}