{
    "prediction_labels": {
        "AI": {
            "count": 114,
            "rate": 0.4014084507042254
        },
        "human": {
            "count": 170,
            "rate": 0.5985915492957746
        }
    },
    "threshold": 0.7038834088687461
}