{
    "prediction_labels": {
        "AI": {
            "count": 121,
            "rate": 0.40878378378378377
        },
        "human": {
            "count": 175,
            "rate": 0.5912162162162162
        }
    },
    "threshold": 0.7038834088687461
}