{
    "prediction_labels": {
        "AI": {
            "count": 81,
            "rate": 0.47093023255813954
        },
        "human": {
            "count": 91,
            "rate": 0.5290697674418605
        }
    },
    "threshold": 0.7038834088687461
}