{
    "prediction_labels": {
        "AI": {
            "count": 117,
            "rate": 0.420863309352518
        },
        "human": {
            "count": 161,
            "rate": 0.579136690647482
        }
    },
    "threshold": 0.7038834088687461
}