{
    "prediction_labels": {
        "AI": {
            "count": 105,
            "rate": 0.3547297297297297
        },
        "human": {
            "count": 191,
            "rate": 0.6452702702702703
        }
    },
    "threshold": 0.7038834088687461
}