{
    "prediction_labels": {
        "human": {
            "count": 174,
            "rate": 0.5898305084745763
        },
        "AI": {
            "count": 121,
            "rate": 0.4101694915254237
        }
    },
    "threshold": 0.7038834088687461
}