{
    "prediction_labels": {
        "AI": {
            "count": 94,
            "rate": 0.4895833333333333
        },
        "human": {
            "count": 98,
            "rate": 0.5104166666666666
        }
    },
    "threshold": 0.7038834088687461
}