{
    "prediction_labels": {
        "AI": {
            "count": 127,
            "rate": 0.6018957345971564
        },
        "human": {
            "count": 84,
            "rate": 0.3981042654028436
        }
    },
    "threshold": 0.7038834088687461
}