{
    "prediction_labels": {
        "AI": {
            "count": 96,
            "rate": 0.32653061224489793
        },
        "human": {
            "count": 198,
            "rate": 0.673469387755102
        }
    },
    "threshold": 0.7038834088687461
}