{
    "prediction_labels": {
        "AI": {
            "count": 116,
            "rate": 0.3918918918918919
        },
        "human": {
            "count": 180,
            "rate": 0.6081081081081081
        }
    },
    "threshold": 0.7038834088687461
}