{
    "prediction_labels": {
        "AI": {
            "count": 125,
            "rate": 0.4280821917808219
        },
        "human": {
            "count": 167,
            "rate": 0.571917808219178
        }
    },
    "threshold": 0.7038834088687461
}