{
    "prediction_labels": {
        "human": {
            "count": 94,
            "rate": 0.5340909090909091
        },
        "AI": {
            "count": 82,
            "rate": 0.4659090909090909
        }
    },
    "threshold": 0.7038834088687461
}