{
    "prediction_labels": {
        "AI": {
            "count": 93,
            "rate": 0.3174061433447099
        },
        "human": {
            "count": 200,
            "rate": 0.6825938566552902
        }
    },
    "threshold": 0.7038834088687461
}