{
    "prediction_labels": {
        "AI": {
            "count": 110,
            "rate": 0.37037037037037035
        },
        "human": {
            "count": 187,
            "rate": 0.6296296296296297
        }
    },
    "threshold": 0.7038834088687461
}