{
    "prediction_labels": {
        "AI": {
            "count": 88,
            "rate": 0.2953020134228188
        },
        "human": {
            "count": 210,
            "rate": 0.7046979865771812
        }
    },
    "threshold": 0.7038834088687461
}