{
    "prediction_labels": {
        "AI": {
            "count": 90,
            "rate": 0.4972375690607735
        },
        "human": {
            "count": 91,
            "rate": 0.5027624309392266
        }
    },
    "threshold": 0.7038834088687461
}