{
    "prediction_labels": {
        "human": {
            "count": 91,
            "rate": 0.3433962264150943
        },
        "AI": {
            "count": 174,
            "rate": 0.6566037735849056
        }
    },
    "threshold": 0.7038834088687461
}