{
    "prediction_labels": {
        "AI": {
            "count": 126,
            "rate": 0.45652173913043476
        },
        "human": {
            "count": 150,
            "rate": 0.5434782608695652
        }
    },
    "threshold": 0.7038834088687461
}