{
    "prediction_labels": {
        "AI": {
            "count": 105,
            "rate": 0.3874538745387454
        },
        "human": {
            "count": 166,
            "rate": 0.6125461254612546
        }
    },
    "threshold": 0.7038834088687461
}