{
    "prediction_labels": {
        "AI": {
            "count": 106,
            "rate": 0.5988700564971752
        },
        "human": {
            "count": 71,
            "rate": 0.4011299435028249
        }
    },
    "threshold": 0.7038834088687461
}