{
    "prediction_labels": {
        "AI": {
            "count": 92,
            "rate": 0.32167832167832167
        },
        "human": {
            "count": 194,
            "rate": 0.6783216783216783
        }
    },
    "threshold": 0.7038834088687461
}