{
    "prediction_labels": {
        "AI": {
            "count": 100,
            "rate": 0.3367003367003367
        },
        "human": {
            "count": 197,
            "rate": 0.6632996632996633
        }
    },
    "threshold": 0.7038834088687461
}