{
    "prediction_labels": {
        "AI": {
            "count": 131,
            "rate": 0.4486301369863014
        },
        "human": {
            "count": 161,
            "rate": 0.5513698630136986
        }
    },
    "threshold": 0.7038834088687461
}