{
    "prediction_labels": {
        "human": {
            "count": 187,
            "rate": 0.6584507042253521
        },
        "AI": {
            "count": 97,
            "rate": 0.3415492957746479
        }
    },
    "threshold": 0.7038834088687461
}