{
    "prediction_labels": {
        "human": {
            "count": 167,
            "rate": 0.5880281690140845
        },
        "AI": {
            "count": 117,
            "rate": 0.4119718309859155
        }
    },
    "threshold": 0.7038834088687461
}