{
    "prediction_labels": {
        "human": {
            "count": 183,
            "rate": 0.648936170212766
        },
        "AI": {
            "count": 99,
            "rate": 0.35106382978723405
        }
    },
    "threshold": 0.7038834088687461
}