{
    "prediction_labels": {
        "AI": {
            "count": 45,
            "rate": 0.4326923076923077
        },
        "human": {
            "count": 59,
            "rate": 0.5673076923076923
        }
    },
    "threshold": 0.030303030303030304
}