{
    "prediction_labels": {
        "human": {
            "count": 5,
            "rate": 0.05154639175257732
        },
        "AI": {
            "count": 92,
            "rate": 0.9484536082474226
        }
    },
    "threshold": 0.030303030303030304
}