{
    "prediction_labels": {
        "AI": {
            "count": 78,
            "rate": 0.7959183673469388
        },
        "human": {
            "count": 20,
            "rate": 0.20408163265306123
        }
    },
    "threshold": 0.030303030303030304
}