{
    "prediction_labels": {
        "AI": {
            "count": 44,
            "rate": 0.6470588235294118
        },
        "human": {
            "count": 24,
            "rate": 0.35294117647058826
        }
    },
    "threshold": 0.030303030303030304
}