{
    "prediction_labels": {
        "AI": {
            "count": 44,
            "rate": 0.676923076923077
        },
        "human": {
            "count": 21,
            "rate": 0.3230769230769231
        }
    },
    "threshold": 0.030303030303030304
}