{
    "prediction_labels": {
        "human": {
            "count": 1,
            "rate": 0.013513513513513514
        },
        "AI": {
            "count": 73,
            "rate": 0.9864864864864865
        }
    },
    "threshold": 0.030303030303030304
}