{
    "prediction_labels": {
        "AI": {
            "count": 91,
            "rate": 0.9191919191919192
        },
        "human": {
            "count": 8,
            "rate": 0.08080808080808081
        }
    },
    "threshold": 0.030303030303030304
}