{
    "prediction_labels": {
        "AI": {
            "count": 56,
            "rate": 0.5490196078431373
        },
        "human": {
            "count": 46,
            "rate": 0.45098039215686275
        }
    },
    "threshold": 0.030303030303030304
}