{
    "prediction_labels": {
        "AI": {
            "count": 50,
            "rate": 0.4854368932038835
        },
        "human": {
            "count": 53,
            "rate": 0.5145631067961165
        }
    },
    "threshold": 0.030303030303030304
}