{
    "prediction_labels": {
        "human": {
            "count": 83,
            "rate": 0.7980769230769231
        },
        "AI": {
            "count": 21,
            "rate": 0.20192307692307693
        }
    },
    "threshold": 0.030303030303030304
}