{
    "prediction_labels": {
        "human": {
            "count": 16,
            "rate": 0.25806451612903225
        },
        "AI": {
            "count": 46,
            "rate": 0.7419354838709677
        }
    },
    "threshold": 0.030303030303030304
}