{
    "prediction_labels": {
        "human": {
            "count": 19,
            "rate": 0.30158730158730157
        },
        "AI": {
            "count": 44,
            "rate": 0.6984126984126984
        }
    },
    "threshold": 0.030303030303030304
}