{
    "prediction_labels": {
        "AI": {
            "count": 82,
            "rate": 0.8817204301075269
        },
        "human": {
            "count": 11,
            "rate": 0.11827956989247312
        }
    },
    "threshold": 0.030303030303030304
}