{
    "prediction_labels": {
        "AI": {
            "count": 64,
            "rate": 0.6274509803921569
        },
        "human": {
            "count": 38,
            "rate": 0.37254901960784315
        }
    },
    "threshold": 0.030303030303030304
}