{
    "prediction_labels": {
        "human": {
            "count": 295,
            "rate": 0.9932659932659933
        },
        "AI": {
            "count": 2,
            "rate": 0.006734006734006734
        }
    },
    "threshold": 0.010101016001267867
}