{
    "prediction_labels": {
        "AI": {
            "count": 11,
            "rate": 0.03728813559322034
        },
        "human": {
            "count": 284,
            "rate": 0.9627118644067797
        }
    },
    "threshold": 0.010101016001267867
}