{
    "prediction_labels": {
        "AI": {
            "count": 176,
            "rate": 0.6376811594202898
        },
        "human": {
            "count": 100,
            "rate": 0.36231884057971014
        }
    },
    "threshold": 0.010101016001267867
}