{
    "prediction_labels": {
        "AI": {
            "count": 149,
            "rate": 0.5246478873239436
        },
        "human": {
            "count": 135,
            "rate": 0.4753521126760563
        }
    },
    "threshold": 0.010101016001267867
}