{
    "prediction_labels": {
        "human": {
            "count": 236,
            "rate": 0.8082191780821918
        },
        "AI": {
            "count": 56,
            "rate": 0.1917808219178082
        }
    },
    "threshold": 0.010101016001267867
}