{
    "prediction_labels": {
        "AI": {
            "count": 88,
            "rate": 0.30985915492957744
        },
        "human": {
            "count": 196,
            "rate": 0.6901408450704225
        }
    },
    "threshold": 0.010101016001267867
}