{
    "prediction_labels": {
        "AI": {
            "count": 176,
            "rate": 0.6641509433962264
        },
        "human": {
            "count": 89,
            "rate": 0.33584905660377357
        }
    },
    "threshold": 0.010101016001267867
}