{
    "prediction_labels": {
        "AI": {
            "count": 80,
            "rate": 0.4419889502762431
        },
        "human": {
            "count": 101,
            "rate": 0.5580110497237569
        }
    },
    "threshold": 0.010101016001267867
}