{
    "prediction_labels": {
        "AI": {
            "count": 37,
            "rate": 0.1267123287671233
        },
        "human": {
            "count": 255,
            "rate": 0.8732876712328768
        }
    },
    "threshold": 0.010101016001267867
}