{
    "prediction_labels": {
        "human": {
            "count": 282,
            "rate": 0.962457337883959
        },
        "AI": {
            "count": 11,
            "rate": 0.03754266211604096
        }
    },
    "threshold": 0.010101016001267867
}