{
    "prediction_labels": {
        "human": {
            "count": 250,
            "rate": 0.8561643835616438
        },
        "AI": {
            "count": 42,
            "rate": 0.14383561643835616
        }
    },
    "threshold": 0.010101016001267867
}