{
    "prediction_labels": {
        "AI": {
            "count": 11,
            "rate": 0.037162162162162164
        },
        "human": {
            "count": 285,
            "rate": 0.9628378378378378
        }
    },
    "threshold": 0.010101016001267867
}