{
    "prediction_labels": {
        "human": {
            "count": 241,
            "rate": 0.8225255972696246
        },
        "AI": {
            "count": 52,
            "rate": 0.17747440273037543
        }
    },
    "threshold": 0.010101016001267867
}