{
    "prediction_labels": {
        "AI": {
            "count": 1,
            "rate": 0.003367003367003367
        },
        "human": {
            "count": 296,
            "rate": 0.9966329966329966
        }
    },
    "threshold": 0.010101016001267867
}