{
    "prediction_labels": {
        "human": {
            "count": 271,
            "rate": 0.9217687074829932
        },
        "AI": {
            "count": 23,
            "rate": 0.0782312925170068
        }
    },
    "threshold": 0.010101016001267867
}