{
    "prediction_labels": {
        "human": {
            "count": 234,
            "rate": 0.8210526315789474
        },
        "AI": {
            "count": 51,
            "rate": 0.17894736842105263
        }
    },
    "threshold": 0.010101016001267867
}