{
    "prediction_labels": {
        "human": {
            "count": 295,
            "rate": 0.9966216216216216
        },
        "AI": {
            "count": 1,
            "rate": 0.0033783783783783786
        }
    },
    "threshold": 0.010101016001267867
}