{
    "prediction_labels": {
        "human": {
            "count": 280,
            "rate": 0.9929078014184397
        },
        "AI": {
            "count": 2,
            "rate": 0.0070921985815602835
        }
    },
    "threshold": 0.010101016001267867
}