{
    "prediction_labels": {
        "AI": {
            "count": 129,
            "rate": 0.45907473309608543
        },
        "human": {
            "count": 152,
            "rate": 0.5409252669039146
        }
    },
    "threshold": 0.010101016001267867
}