{
    "prediction_labels": {
        "AI": {
            "count": 107,
            "rate": 0.38768115942028986
        },
        "human": {
            "count": 169,
            "rate": 0.6123188405797102
        }
    },
    "threshold": 0.010101016001267867
}