{
    "prediction_labels": {
        "AI": {
            "count": 79,
            "rate": 0.42245989304812837
        },
        "human": {
            "count": 108,
            "rate": 0.5775401069518716
        }
    },
    "threshold": 0.010101016001267867
}