{
    "prediction_labels": {
        "human": {
            "count": 112,
            "rate": 0.5743589743589743
        },
        "AI": {
            "count": 83,
            "rate": 0.4256410256410256
        }
    },
    "threshold": 0.010101016001267867
}