{
    "prediction_labels": {
        "human": {
            "count": 7,
            "rate": 0.03317535545023697
        },
        "AI": {
            "count": 204,
            "rate": 0.966824644549763
        }
    },
    "threshold": 0.010101016001267867
}