{
    "prediction_labels": {
        "human": {
            "count": 268,
            "rate": 0.9054054054054054
        },
        "AI": {
            "count": 28,
            "rate": 0.0945945945945946
        }
    },
    "threshold": 0.010101016001267867
}