{
    "prediction_labels": {
        "human": {
            "count": 291,
            "rate": 0.9931740614334471
        },
        "AI": {
            "count": 2,
            "rate": 0.006825938566552901
        }
    },
    "threshold": 0.010101016001267867
}