{
    "prediction_labels": {
        "human": {
            "count": 71,
            "rate": 0.4011299435028249
        },
        "AI": {
            "count": 106,
            "rate": 0.5988700564971752
        }
    },
    "threshold": 0.010101016001267867
}