{
    "prediction_labels": {
        "human": {
            "count": 275,
            "rate": 0.9290540540540541
        },
        "AI": {
            "count": 21,
            "rate": 0.07094594594594594
        }
    },
    "threshold": 0.10745242238044739
}