{
    "prediction_labels": {
        "AI": {
            "count": 132,
            "rate": 0.4981132075471698
        },
        "human": {
            "count": 133,
            "rate": 0.5018867924528302
        }
    },
    "threshold": 0.10745242238044739
}