{
    "prediction_labels": {
        "human": {
            "count": 263,
            "rate": 0.9006849315068494
        },
        "AI": {
            "count": 29,
            "rate": 0.09931506849315068
        }
    },
    "threshold": 0.10745242238044739
}