{
    "prediction_labels": {
        "human": {
            "count": 280,
            "rate": 0.9427609427609428
        },
        "AI": {
            "count": 17,
            "rate": 0.05723905723905724
        }
    },
    "threshold": 0.10745242238044739
}