{
    "prediction_labels": {
        "AI": {
            "count": 11,
            "rate": 0.03691275167785235
        },
        "human": {
            "count": 287,
            "rate": 0.9630872483221476
        }
    },
    "threshold": 0.10745242238044739
}