{
    "prediction_labels": {
        "AI": {
            "count": 66,
            "rate": 0.36464088397790057
        },
        "human": {
            "count": 115,
            "rate": 0.6353591160220995
        }
    },
    "threshold": 0.10745242238044739
}