{
    "prediction_labels": {
        "human": {
            "count": 241,
            "rate": 0.8485915492957746
        },
        "AI": {
            "count": 43,
            "rate": 0.15140845070422534
        }
    },
    "threshold": 0.10745242238044739
}