{
    "prediction_labels": {
        "AI": {
            "count": 42,
            "rate": 0.18666666666666668
        },
        "human": {
            "count": 183,
            "rate": 0.8133333333333334
        }
    },
    "threshold": 0.10745242238044739
}