{
    "prediction_labels": {
        "AI": {
            "count": 76,
            "rate": 0.38974358974358975
        },
        "human": {
            "count": 119,
            "rate": 0.6102564102564103
        }
    },
    "threshold": 0.10745242238044739
}