{
    "prediction_labels": {
        "human": {
            "count": 248,
            "rate": 0.9253731343283582
        },
        "AI": {
            "count": 20,
            "rate": 0.07462686567164178
        }
    },
    "threshold": 0.10745242238044739
}