{
    "prediction_labels": {
        "AI": {
            "count": 55,
            "rate": 0.19784172661870503
        },
        "human": {
            "count": 223,
            "rate": 0.802158273381295
        }
    },
    "threshold": 0.10745242238044739
}