{
    "prediction_labels": {
        "AI": {
            "count": 10,
            "rate": 0.03355704697986577
        },
        "human": {
            "count": 288,
            "rate": 0.9664429530201343
        }
    },
    "threshold": 0.10745242238044739
}