{
    "prediction_labels": {
        "human": {
            "count": 268,
            "rate": 0.9178082191780822
        },
        "AI": {
            "count": 24,
            "rate": 0.0821917808219178
        }
    },
    "threshold": 0.10745242238044739
}