{
    "prediction_labels": {
        "AI": {
            "count": 67,
            "rate": 0.2427536231884058
        },
        "human": {
            "count": 209,
            "rate": 0.7572463768115942
        }
    },
    "threshold": 0.10745242238044739
}