{
    "prediction_labels": {
        "human": {
            "count": 120,
            "rate": 0.6857142857142857
        },
        "AI": {
            "count": 55,
            "rate": 0.3142857142857143
        }
    },
    "threshold": 0.10745242238044739
}