{
    "prediction_labels": {
        "AI": {
            "count": 68,
            "rate": 0.23859649122807017
        },
        "human": {
            "count": 217,
            "rate": 0.7614035087719299
        }
    },
    "threshold": 0.10745242238044739
}