{
    "prediction_labels": {
        "AI": {
            "count": 38,
            "rate": 0.1296928327645051
        },
        "human": {
            "count": 255,
            "rate": 0.8703071672354948
        }
    },
    "threshold": 0.10745242238044739
}