{
    "prediction_labels": {
        "human": {
            "count": 258,
            "rate": 0.9084507042253521
        },
        "AI": {
            "count": 26,
            "rate": 0.09154929577464789
        }
    },
    "threshold": 0.10745242238044739
}