{
    "prediction_labels": {
        "human": {
            "count": 271,
            "rate": 0.9475524475524476
        },
        "AI": {
            "count": 15,
            "rate": 0.05244755244755245
        }
    },
    "threshold": 0.10745242238044739
}