{
    "prediction_labels": {
        "AI": {
            "count": 59,
            "rate": 0.2177121771217712
        },
        "human": {
            "count": 212,
            "rate": 0.7822878228782287
        }
    },
    "threshold": 0.10745242238044739
}