{
    "prediction_labels": {
        "human": {
            "count": 275,
            "rate": 0.9259259259259259
        },
        "AI": {
            "count": 22,
            "rate": 0.07407407407407407
        }
    },
    "threshold": 0.10745242238044739
}