{
    "prediction_labels": {
        "AI": {
            "count": 19,
            "rate": 0.07169811320754717
        },
        "human": {
            "count": 246,
            "rate": 0.9283018867924528
        }
    },
    "threshold": 0.10745242238044739
}