{
    "prediction_labels": {
        "human": {
            "count": 247,
            "rate": 0.894927536231884
        },
        "AI": {
            "count": 29,
            "rate": 0.10507246376811594
        }
    },
    "threshold": 0.10745242238044739
}