{
    "prediction_labels": {
        "human": {
            "count": 253,
            "rate": 0.863481228668942
        },
        "AI": {
            "count": 40,
            "rate": 0.13651877133105803
        }
    },
    "threshold": 0.10745242238044739
}