{
    "prediction_labels": {
        "AI": {
            "count": 115,
            "rate": 0.4121863799283154
        },
        "human": {
            "count": 164,
            "rate": 0.5878136200716846
        }
    },
    "threshold": 0.10745242238044739
}