{
    "prediction_labels": {
        "human": {
            "count": 280,
            "rate": 0.9395973154362416
        },
        "AI": {
            "count": 18,
            "rate": 0.06040268456375839
        }
    },
    "threshold": 0.10745242238044739
}