{
    "prediction_labels": {
        "AI": {
            "count": 26,
            "rate": 0.10441767068273092
        },
        "human": {
            "count": 223,
            "rate": 0.8955823293172691
        }
    },
    "threshold": 0.10745242238044739
}