{
    "prediction_labels": {
        "human": {
            "count": 276,
            "rate": 0.9419795221843004
        },
        "AI": {
            "count": 17,
            "rate": 0.05802047781569966
        }
    },
    "threshold": 0.10745242238044739
}