{
    "prediction_labels": {
        "human": {
            "count": 128,
            "rate": 0.6666666666666666
        },
        "AI": {
            "count": 64,
            "rate": 0.3333333333333333
        }
    },
    "threshold": 0.10745242238044739
}