{
    "prediction_labels": {
        "human": {
            "count": 280,
            "rate": 0.9459459459459459
        },
        "AI": {
            "count": 16,
            "rate": 0.05405405405405406
        }
    },
    "threshold": 0.10745242238044739
}