{
    "prediction_labels": {
        "human": {
            "count": 242,
            "rate": 0.8768115942028986
        },
        "AI": {
            "count": 34,
            "rate": 0.12318840579710146
        }
    },
    "threshold": 0.10745242238044739
}