{
    "prediction_labels": {
        "human": {
            "count": 274,
            "rate": 0.9256756756756757
        },
        "AI": {
            "count": 22,
            "rate": 0.07432432432432433
        }
    },
    "threshold": 0.10745242238044739
}