{
    "prediction_labels": {
        "human": {
            "count": 111,
            "rate": 0.6453488372093024
        },
        "AI": {
            "count": 61,
            "rate": 0.3546511627906977
        }
    },
    "threshold": 0.10745242238044739
}