{
    "prediction_labels": {
        "AI": {
            "count": 29,
            "rate": 0.09830508474576272
        },
        "human": {
            "count": 266,
            "rate": 0.9016949152542373
        }
    },
    "threshold": 0.10745242238044739
}