{
    "prediction_labels": {
        "human": {
            "count": 271,
            "rate": 0.928082191780822
        },
        "AI": {
            "count": 21,
            "rate": 0.07191780821917808
        }
    },
    "threshold": 0.10745242238044739
}