{
    "prediction_labels": {
        "human": {
            "count": 115,
            "rate": 0.5808080808080808
        },
        "AI": {
            "count": 83,
            "rate": 0.41919191919191917
        }
    },
    "threshold": 0.10745242238044739
}