{
    "prediction_labels": {
        "AI": {
            "count": 71,
            "rate": 0.4034090909090909
        },
        "human": {
            "count": 105,
            "rate": 0.5965909090909091
        }
    },
    "threshold": 0.10745242238044739
}