{
    "prediction_labels": {
        "human": {
            "count": 191,
            "rate": 0.809322033898305
        },
        "AI": {
            "count": 45,
            "rate": 0.1906779661016949
        }
    },
    "threshold": 0.10745242238044739
}