{
    "prediction_labels": {
        "human": {
            "count": 89,
            "rate": 0.4218009478672986
        },
        "AI": {
            "count": 122,
            "rate": 0.5781990521327014
        }
    },
    "threshold": 0.10745242238044739
}