{
    "prediction_labels": {
        "AI": {
            "count": 25,
            "rate": 0.08865248226950355
        },
        "human": {
            "count": 257,
            "rate": 0.9113475177304965
        }
    },
    "threshold": 0.10745242238044739
}