{
    "prediction_labels": {
        "AI": {
            "count": 58,
            "rate": 0.3314285714285714
        },
        "human": {
            "count": 117,
            "rate": 0.6685714285714286
        }
    },
    "threshold": 0.10745242238044739
}