{
    "prediction_labels": {
        "human": {
            "count": 119,
            "rate": 0.6363636363636364
        },
        "AI": {
            "count": 68,
            "rate": 0.36363636363636365
        }
    },
    "threshold": 0.10745242238044739
}