{
    "prediction_labels": {
        "human": {
            "count": 280,
            "rate": 0.9523809523809523
        },
        "AI": {
            "count": 14,
            "rate": 0.047619047619047616
        }
    },
    "threshold": 0.10745242238044739
}