{
    "prediction_labels": {
        "human": {
            "count": 265,
            "rate": 0.9330985915492958
        },
        "AI": {
            "count": 19,
            "rate": 0.06690140845070422
        }
    },
    "threshold": 0.10745242238044739
}