{
    "prediction_labels": {
        "AI": {
            "count": 76,
            "rate": 0.2602739726027397
        },
        "human": {
            "count": 216,
            "rate": 0.7397260273972602
        }
    },
    "threshold": 0.898943977750311
}