{
    "prediction_labels": {
        "AI": {
            "count": 92,
            "rate": 0.323943661971831
        },
        "human": {
            "count": 192,
            "rate": 0.676056338028169
        }
    },
    "threshold": 0.898943977750311
}