{
    "prediction_labels": {
        "human": {
            "count": 96,
            "rate": 0.5485714285714286
        },
        "AI": {
            "count": 79,
            "rate": 0.4514285714285714
        }
    },
    "threshold": 0.898943977750311
}