{
    "prediction_labels": {
        "human": {
            "count": 150,
            "rate": 0.5660377358490566
        },
        "AI": {
            "count": 115,
            "rate": 0.4339622641509434
        }
    },
    "threshold": 0.898943977750311
}