{
    "prediction_labels": {
        "human": {
            "count": 236,
            "rate": 0.7972972972972973
        },
        "AI": {
            "count": 60,
            "rate": 0.20270270270270271
        }
    },
    "threshold": 0.898943977750311
}