{
    "prediction_labels": {
        "AI": {
            "count": 66,
            "rate": 0.3728813559322034
        },
        "human": {
            "count": 111,
            "rate": 0.6271186440677966
        }
    },
    "threshold": 0.898943977750311
}