{
    "prediction_labels": {
        "human": {
            "count": 207,
            "rate": 0.708904109589041
        },
        "AI": {
            "count": 85,
            "rate": 0.2910958904109589
        }
    },
    "threshold": 0.898943977750311
}