{
    "prediction_labels": {
        "AI": {
            "count": 89,
            "rate": 0.322463768115942
        },
        "human": {
            "count": 187,
            "rate": 0.677536231884058
        }
    },
    "threshold": 0.898943977750311
}