{
    "prediction_labels": {
        "AI": {
            "count": 115,
            "rate": 0.4136690647482014
        },
        "human": {
            "count": 163,
            "rate": 0.5863309352517986
        }
    },
    "threshold": 0.898943977750311
}