{
    "prediction_labels": {
        "AI": {
            "count": 54,
            "rate": 0.20149253731343283
        },
        "human": {
            "count": 214,
            "rate": 0.7985074626865671
        }
    },
    "threshold": 0.898943977750311
}