{
    "prediction_labels": {
        "human": {
            "count": 192,
            "rate": 0.6736842105263158
        },
        "AI": {
            "count": 93,
            "rate": 0.3263157894736842
        }
    },
    "threshold": 0.898943977750311
}