{
    "prediction_labels": {
        "AI": {
            "count": 59,
            "rate": 0.19932432432432431
        },
        "human": {
            "count": 237,
            "rate": 0.8006756756756757
        }
    },
    "threshold": 0.898943977750311
}