{
    "prediction_labels": {
        "human": {
            "count": 248,
            "rate": 0.8322147651006712
        },
        "AI": {
            "count": 50,
            "rate": 0.16778523489932887
        }
    },
    "threshold": 0.898943977750311
}