{
    "prediction_labels": {
        "human": {
            "count": 219,
            "rate": 0.776595744680851
        },
        "AI": {
            "count": 63,
            "rate": 0.22340425531914893
        }
    },
    "threshold": 0.898943977750311
}