{
    "prediction_labels": {
        "AI": {
            "count": 91,
            "rate": 0.32971014492753625
        },
        "human": {
            "count": 185,
            "rate": 0.6702898550724637
        }
    },
    "threshold": 0.898943977750311
}