{
    "prediction_labels": {
        "human": {
            "count": 229,
            "rate": 0.7815699658703071
        },
        "AI": {
            "count": 64,
            "rate": 0.21843003412969283
        }
    },
    "threshold": 0.898943977750311
}