{
    "prediction_labels": {
        "human": {
            "count": 107,
            "rate": 0.5404040404040404
        },
        "AI": {
            "count": 91,
            "rate": 0.4595959595959596
        }
    },
    "threshold": 0.898943977750311
}