{
    "prediction_labels": {
        "AI": {
            "count": 43,
            "rate": 0.14429530201342283
        },
        "human": {
            "count": 255,
            "rate": 0.8557046979865772
        }
    },
    "threshold": 0.898943977750311
}