{
    "prediction_labels": {
        "human": {
            "count": 210,
            "rate": 0.7167235494880546
        },
        "AI": {
            "count": 83,
            "rate": 0.2832764505119454
        }
    },
    "threshold": 0.898943977750311
}