{
    "prediction_labels": {
        "human": {
            "count": 121,
            "rate": 0.6685082872928176
        },
        "AI": {
            "count": 60,
            "rate": 0.3314917127071823
        }
    },
    "threshold": 0.898943977750311
}