{
    "prediction_labels": {
        "human": {
            "count": 98,
            "rate": 0.5240641711229946
        },
        "AI": {
            "count": 89,
            "rate": 0.47593582887700536
        }
    },
    "threshold": 0.898943977750311
}