{
    "prediction_labels": {
        "AI": {
            "count": 68,
            "rate": 0.2328767123287671
        },
        "human": {
            "count": 224,
            "rate": 0.7671232876712328
        }
    },
    "threshold": 0.898943977750311
}