{
    "prediction_labels": {
        "AI": {
            "count": 73,
            "rate": 0.3459715639810427
        },
        "human": {
            "count": 138,
            "rate": 0.6540284360189573
        }
    },
    "threshold": 0.898943977750311
}