{
    "prediction_labels": {
        "AI": {
            "count": 80,
            "rate": 0.273972602739726
        },
        "human": {
            "count": 212,
            "rate": 0.726027397260274
        }
    },
    "threshold": 0.898943977750311
}