{
    "prediction_labels": {
        "human": {
            "count": 82,
            "rate": 0.4659090909090909
        },
        "AI": {
            "count": 94,
            "rate": 0.5340909090909091
        }
    },
    "threshold": 0.898943977750311
}