{
    "prediction_labels": {
        "AI": {
            "count": 72,
            "rate": 0.2891566265060241
        },
        "human": {
            "count": 177,
            "rate": 0.7108433734939759
        }
    },
    "threshold": 0.898943977750311
}