{
    "prediction_labels": {
        "AI": {
            "count": 123,
            "rate": 0.45387453874538747
        },
        "human": {
            "count": 148,
            "rate": 0.5461254612546126
        }
    },
    "threshold": 0.898943977750311
}