{
    "prediction_labels": {
        "AI": {
            "count": 79,
            "rate": 0.4114583333333333
        },
        "human": {
            "count": 113,
            "rate": 0.5885416666666666
        }
    },
    "threshold": 0.898943977750311
}