{
    "prediction_labels": {
        "human": {
            "count": 238,
            "rate": 0.8321678321678322
        },
        "AI": {
            "count": 48,
            "rate": 0.16783216783216784
        }
    },
    "threshold": 0.898943977750311
}