{
    "prediction_labels": {
        "human": {
            "count": 250,
            "rate": 0.8417508417508418
        },
        "AI": {
            "count": 47,
            "rate": 0.15824915824915825
        }
    },
    "threshold": 0.898943977750311
}