{
    "prediction_labels": {
        "AI": {
            "count": 46,
            "rate": 0.15488215488215487
        },
        "human": {
            "count": 251,
            "rate": 0.8451178451178452
        }
    },
    "threshold": 0.898943977750311
}