{
    "prediction_labels": {
        "AI": {
            "count": 52,
            "rate": 0.17747440273037543
        },
        "human": {
            "count": 241,
            "rate": 0.8225255972696246
        }
    },
    "threshold": 0.898943977750311
}