{
    "prediction_labels": {
        "human": {
            "count": 129,
            "rate": 0.6615384615384615
        },
        "AI": {
            "count": 66,
            "rate": 0.3384615384615385
        }
    },
    "threshold": 0.898943977750311
}