{
    "prediction_labels": {
        "human": {
            "count": 114,
            "rate": 0.6096256684491979
        },
        "AI": {
            "count": 73,
            "rate": 0.39037433155080214
        }
    },
    "threshold": 0.898943977750311
}