{
    "prediction_labels": {
        "human": {
            "count": 188,
            "rate": 0.6573426573426573
        },
        "AI": {
            "count": 98,
            "rate": 0.34265734265734266
        }
    },
    "threshold": 0.898943977750311
}