{
    "prediction_labels": {
        "human": {
            "count": 92,
            "rate": 0.5348837209302325
        },
        "AI": {
            "count": 80,
            "rate": 0.46511627906976744
        }
    },
    "threshold": 0.898943977750311
}