{
    "prediction_labels": {
        "AI": {
            "count": 82,
            "rate": 0.2887323943661972
        },
        "human": {
            "count": 202,
            "rate": 0.7112676056338029
        }
    },
    "threshold": 0.898943977750311
}