{
    "prediction_labels": {
        "human": {
            "count": 198,
            "rate": 0.7046263345195729
        },
        "AI": {
            "count": 83,
            "rate": 0.29537366548042704
        }
    },
    "threshold": 0.898943977750311
}