{
    "prediction_labels": {
        "human": {
            "count": 250,
            "rate": 0.8389261744966443
        },
        "AI": {
            "count": 48,
            "rate": 0.1610738255033557
        }
    },
    "threshold": 0.898943977750311
}