{
    "prediction_labels": {
        "human": {
            "count": 206,
            "rate": 0.7253521126760564
        },
        "AI": {
            "count": 78,
            "rate": 0.2746478873239437
        }
    },
    "threshold": 0.898943977750311
}