{
    "prediction_labels": {
        "AI": {
            "count": 110,
            "rate": 0.39855072463768115
        },
        "human": {
            "count": 166,
            "rate": 0.6014492753623188
        }
    },
    "threshold": 0.898943977750311
}