{
    "prediction_labels": {
        "human": {
            "count": 199,
            "rate": 0.7509433962264151
        },
        "AI": {
            "count": 66,
            "rate": 0.2490566037735849
        }
    },
    "threshold": 0.898943977750311
}