{
    "prediction_labels": {
        "human": {
            "count": 137,
            "rate": 0.6088888888888889
        },
        "AI": {
            "count": 88,
            "rate": 0.39111111111111113
        }
    },
    "threshold": 0.898943977750311
}