{
    "prediction_labels": {
        "human": {
            "count": 153,
            "rate": 0.6483050847457628
        },
        "AI": {
            "count": 83,
            "rate": 0.3516949152542373
        }
    },
    "threshold": 0.898943977750311
}