{
    "prediction_labels": {
        "human": {
            "count": 229,
            "rate": 0.7789115646258503
        },
        "AI": {
            "count": 65,
            "rate": 0.22108843537414966
        }
    },
    "threshold": 0.898943977750311
}