{
    "prediction_labels": {
        "human": {
            "count": 233,
            "rate": 0.7898305084745763
        },
        "AI": {
            "count": 62,
            "rate": 0.21016949152542372
        }
    },
    "threshold": 0.898943977750311
}