{
    "prediction_labels": {
        "AI": {
            "count": 72,
            "rate": 0.4114285714285714
        },
        "human": {
            "count": 103,
            "rate": 0.5885714285714285
        }
    },
    "threshold": 0.898943977750311
}