{
    "prediction_labels": {
        "human": {
            "count": 245,
            "rate": 0.8277027027027027
        },
        "AI": {
            "count": 51,
            "rate": 0.17229729729729729
        }
    },
    "threshold": 0.898943977750311
}